case_101_none_no	none_no	1	global_scalar	direct	direct	none	long	23
case_102_none_no	none_no	2	local_array	ptr_chain	local_ptr	dead_store	int	28
case_103_none_no	none_no	3	global_scalar	lambda	two_level	dead_store	long long	42
case_104_none_no	none_no	4	heap_cell	local_ptr	two_level	dead_store	long long	39
case_105_none_no	none_no	5	rand_index	template	function	rand_scratch	unsigned int	44
case_106_none_no	none_no	1	local_scalar	local_ptr	direct	none	char	26
case_107_none_no	none_no	2	local_array	local_ptr	local_ptr	unrelated_pair	char	33
case_108_none_no	none_no	3	local_scalar	func_ptr	local_ptr	unrelated_pair	unsigned int	32
case_109_none_no	none_no	4	malloc_cell	two_level	local_ptr	rand_scratch	long long	41
case_110_none_no	none_no	5	static_scalar	alias_choice	template	none	long long	41
case_111_none_no	none_no	1	static_scalar	direct	direct	none	unsigned int	24
case_112_none_no	none_no	2	global_scalar	local_ptr	local_ptr	rand_scratch	int	25
case_113_none_no	none_no	3	local_array	local_ptr	two_level	rand_scratch	short	34
case_114_none_no	none_no	4	malloc_cell	reference	function	unrelated_pair	int	36
case_115_none_no	none_no	5	global_scalar	ptr_chain	template	unrelated_pair	short	35
case_116_none_no	none_no	1	local_scalar	local_ptr	direct	none	short	23
case_117_none_no	none_no	2	static_scalar	ptr_chain	local_ptr	unrelated_pair	char	32
case_118_none_no	none_no	3	global_scalar	local_ptr	reference	dead_store	short	30
case_119_none_no	none_no	4	heap_struct	lambda	reference	unrelated_pair	char	46
case_120_none_no	none_no	5	union_field	func_ptr	lambda	rand_scratch	char	45
case_121_none_no	none_no	1	local_scalar	local_ptr	local_ptr	none	long	23
case_122_none_no	none_no	2	ptr_arith	direct	direct	rand_scratch	long long	29
case_123_none_no	none_no	3	global_scalar	function	two_level	unrelated_pair	int	35
case_124_none_no	none_no	4	heap_cell_leaked	reference	local_ptr	rand_scratch	char	37
case_125_none_no	none_no	5	union_field	local_ptr	function	none	short	35
case_126_none_no	none_no	1	global_scalar	direct	local_ptr	none	long	24
case_127_none_no	none_no	2	static_scalar	ptr_chain	local_ptr	dead_store	unsigned int	29
case_128_none_no	none_no	3	local_scalar	func_ptr_table	reference	rand_scratch	int	30
case_129_none_no	none_no	4	heap_cell	local_ptr	function	none	short	30
case_130_none_no	none_no	5	global_scalar	alias_choice	function	unrelated_pair	char	42
case_131_none_no	none_no	1	static_scalar	direct	direct	none	long	22
case_132_none_no	none_no	2	rand_index	local_ptr	local_ptr	dead_store	long	34
case_133_none_no	none_no	3	ptr_arith	direct	func_ptr	none	long	30
case_134_none_no	none_no	4	heap_struct	function	lambda	rand_scratch	char	41
case_135_none_no	none_no	5	local_array	direct	template	rand_scratch	int	30
case_136_none_no	none_no	1	static_scalar	local_ptr	local_ptr	none	long long	27
case_137_none_no	none_no	2	rand_index	direct	local_ptr	none	long long	34
case_138_none_no	none_no	3	static_scalar	func_ptr	reference	none	long long	33
case_139_none_no	none_no	4	malloc_cell	local_ptr	reference	dead_store	int	33
case_140_none_no	none_no	5	union_field	reference	reference	dead_store	char	44
case_141_none_no	none_no	1	global_scalar	local_ptr	direct	none	unsigned int	26
case_142_none_no	none_no	2	local_array	local_ptr	direct	none	long	25
case_143_none_no	none_no	3	ptr_arith	two_level	func_ptr	none	char	42
case_144_none_no	none_no	4	heap_cell_leaked	function	direct	rand_scratch	int	30
case_145_none_no	none_no	5	union_field	template	func_ptr	rand_scratch	short	47
case_146_none_no	none_no	1	local_scalar	local_ptr	local_ptr	none	unsigned int	25
case_147_none_no	none_no	2	ptr_arith	direct	direct	rand_scratch	short	27
case_148_none_no	none_no	3	local_array	two_level	function	none	long	34
case_149_none_no	none_no	4	malloc_cell	func_ptr	direct	dead_store	char	39
case_150_none_no	none_no	5	union_field	ptr_chain	lambda	none	int	36
case_151_none_no	none_no	1	global_scalar	direct	direct	none	short	24
case_152_none_no	none_no	2	global_scalar	ptr_chain	local_ptr	dead_store	char	32
case_153_none_no	none_no	3	local_array	direct	func_ptr	none	unsigned int	31
case_154_none_no	none_no	4	malloc_cell	two_level	reference	dead_store	unsigned int	43
case_155_none_no	none_no	5	malloc_cell	alias_choice	function	unrelated_pair	char	47
case_156_none_no	none_no	1	local_scalar	direct	local_ptr	none	long	22
case_157_none_no	none_no	2	rand_index	local_ptr	local_ptr	unrelated_pair	char	39
case_158_none_no	none_no	3	rand_index	func_ptr	func_ptr	unrelated_pair	int	42
case_159_none_no	none_no	4	heap_struct	reference	two_level	rand_scratch	long long	44
case_160_none_no	none_no	5	heap_cell_leaked	local_ptr	template	rand_scratch	char	39
case_161_none_no	none_no	1	static_scalar	direct	direct	none	short	23
case_162_none_no	none_no	2	local_array	ptr_chain	direct	unrelated_pair	int	28
case_163_none_no	none_no	3	global_scalar	lambda	reference	dead_store	unsigned int	37
case_164_none_no	none_no	4	heap_cell_leaked	function	func_ptr	unrelated_pair	long	38
case_165_none_no	none_no	5	global_scalar	direct	template	rand_scratch	char	34
case_166_none_no	none_no	1	local_scalar	direct	local_ptr	none	int	21
case_167_none_no	none_no	2	local_array	direct	direct	unrelated_pair	unsigned int	29
case_168_none_no	none_no	3	rand_index	function	func_ptr	unrelated_pair	long	41
case_169_none_no	none_no	4	malloc_cell	reference	func_ptr	unrelated_pair	char	44
case_170_none_no	none_no	5	malloc_cell	reference	template	rand_scratch	unsigned int	41
case_171_none_no	none_no	1	global_scalar	direct	direct	none	int	22
case_172_none_no	none_no	2	rand_index	ptr_chain	direct	rand_scratch	long long	36
case_173_none_no	none_no	3	local_scalar	direct	reference	none	long	24
case_174_none_no	none_no	4	heap_struct	two_level	function	none	long	39
case_175_none_no	none_no	5	heap_struct	reference	template	dead_store	long	41
case_176_none_no	none_no	1	global_scalar	local_ptr	local_ptr	none	char	29
case_177_none_no	none_no	2	local_scalar	local_ptr	local_ptr	unrelated_pair	long long	29
case_178_none_no	none_no	3	ptr_arith	func_ptr_table	reference	rand_scratch	char	39
case_179_none_no	none_no	4	heap_struct	reference	function	rand_scratch	long long	39
case_180_none_no	none_no	5	union_field	local_ptr	reference	rand_scratch	long	36
case_181_none_no	none_no	1	local_scalar	direct	local_ptr	none	char	26
case_182_none_no	none_no	2	local_scalar	ptr_chain	direct	rand_scratch	short	25
case_183_none_no	none_no	3	global_scalar	func_ptr_table	lambda	rand_scratch	unsigned int	36
case_184_none_no	none_no	4	heap_cell	reference	two_level	dead_store	unsigned int	41
case_185_none_no	none_no	5	union_field	function	function	none	long	36
case_186_none_no	none_no	1	local_scalar	local_ptr	local_ptr	none	char	27
case_187_none_no	none_no	2	rand_index	ptr_chain	direct	dead_store	long long	37
case_188_none_no	none_no	3	local_scalar	reference	lambda	rand_scratch	char	34
case_189_none_no	none_no	4	heap_cell_leaked	local_ptr	direct	unrelated_pair	long	31
case_190_none_no	none_no	5	local_array	template	func_ptr	rand_scratch	short	40
case_191_none_no	none_no	1	global_scalar	local_ptr	direct	none	int	23
case_192_none_no	none_no	2	local_array	ptr_chain	direct	rand_scratch	short	28
case_193_none_no	none_no	3	local_array	two_level	local_ptr	rand_scratch	unsigned int	36
case_194_none_no	none_no	4	malloc_cell	direct	function	dead_store	unsigned int	34
case_195_none_no	none_no	5	union_field	func_ptr	two_level	unrelated_pair	int	45
case_196_none_no	none_no	1	static_scalar	local_ptr	local_ptr	none	int	23
case_197_none_no	none_no	2	rand_index	direct	direct	none	unsigned int	32
case_198_none_no	none_no	3	global_scalar	func_ptr	lambda	rand_scratch	unsigned int	35
case_199_none_no	none_no	4	heap_cell_leaked	two_level	func_ptr	rand_scratch	int	40
case_200_none_no	none_no	5	heap_struct	alias_choice	func_ptr	dead_store	long long	49
case_201_none_no	none_no	1	global_scalar	direct	local_ptr	none	char	28
case_202_none_no	none_no	2	ptr_arith	direct	local_ptr	dead_store	int	27
case_203_none_no	none_no	3	local_array	local_ptr	two_level	rand_scratch	long long	36
case_204_none_no	none_no	4	heap_cell_leaked	func_ptr	function	none	long long	37
case_205_none_no	none_no	5	malloc_cell	alias_choice	two_level	rand_scratch	unsigned int	48
case_206_none_no	none_no	1	static_scalar	local_ptr	local_ptr	none	long	24
case_207_none_no	none_no	2	global_scalar	ptr_chain	direct	none	unsigned int	27
case_208_none_no	none_no	3	ptr_arith	direct	lambda	dead_store	unsigned int	33
case_209_none_no	none_no	4	malloc_cell	ptr_chain	function	dead_store	long long	37
case_210_none_no	none_no	5	local_scalar	template	func_ptr	unrelated_pair	char	42
case_211_none_no	none_no	1	local_scalar	local_ptr	direct	none	long long	25
case_212_none_no	none_no	2	global_scalar	ptr_chain	direct	dead_store	long long	30
case_213_none_no	none_no	3	global_scalar	function	local_ptr	rand_scratch	short	29
case_214_none_no	none_no	4	heap_cell_leaked	local_ptr	two_level	unrelated_pair	long long	41
case_215_none_no	none_no	5	global_scalar	direct	template	unrelated_pair	short	33
case_216_none_no	none_no	1	global_scalar	local_ptr	local_ptr	none	long long	28
case_217_none_no	none_no	2	static_scalar	direct	local_ptr	unrelated_pair	unsigned int	28
case_218_none_no	none_no	3	rand_index	two_level	direct	dead_store	long	40
case_219_none_no	none_no	4	heap_cell	lambda	local_ptr	unrelated_pair	unsigned int	39
case_220_none_no	none_no	5	static_scalar	reference	template	none	unsigned int	34
case_221_none_no	none_no	1	global_scalar	local_ptr	local_ptr	none	long	25
case_222_none_no	none_no	2	local_scalar	direct	local_ptr	unrelated_pair	char	29
case_223_none_no	none_no	3	static_scalar	func_ptr	direct	rand_scratch	long	28
case_224_none_no	none_no	4	heap_cell_leaked	reference	local_ptr	rand_scratch	int	32
case_225_none_no	none_no	5	static_scalar	template	two_level	dead_store	long long	43
case_226_none_no	none_no	1	global_scalar	local_ptr	direct	none	short	25
case_227_none_no	none_no	2	ptr_arith	ptr_chain	local_ptr	rand_scratch	int	28
case_228_none_no	none_no	3	static_scalar	ptr_chain	reference	rand_scratch	long	28
case_229_none_no	none_no	4	malloc_cell	func_ptr_table	lambda	unrelated_pair	unsigned int	43
case_230_none_no	none_no	5	rand_index	direct	template	none	int	35
case_231_none_no	none_no	1	static_scalar	local_ptr	direct	none	short	24
case_232_none_no	none_no	2	static_scalar	ptr_chain	direct	unrelated_pair	unsigned int	29
case_233_none_no	none_no	3	static_scalar	func_ptr_table	two_level	unrelated_pair	unsigned int	40
case_234_none_no	none_no	4	heap_cell_leaked	function	reference	dead_store	int	34
case_235_none_no	none_no	5	local_array	local_ptr	template	unrelated_pair	unsigned int	36
case_236_none_no	none_no	1	local_scalar	local_ptr	local_ptr	none	short	24
case_237_none_no	none_no	2	global_scalar	direct	local_ptr	dead_store	int	25
case_238_none_no	none_no	3	ptr_arith	lambda	two_level	unrelated_pair	unsigned int	44
case_239_none_no	none_no	4	heap_cell	two_level	function	rand_scratch	long	37
case_240_none_no	none_no	5	union_field	alias_choice	two_level	rand_scratch	unsigned int	51
case_241_none_no	none_no	1	static_scalar	direct	direct	none	char	26
case_242_none_no	none_no	2	global_scalar	direct	local_ptr	unrelated_pair	unsigned int	29
case_243_none_no	none_no	3	local_array	lambda	local_ptr	dead_store	short	35
case_244_none_no	none_no	4	malloc_cell	lambda	direct	none	long	35
case_245_none_no	none_no	5	union_field	alias_choice	template	dead_store	long	49
case_246_none_no	none_no	1	global_scalar	direct	direct	none	unsigned int	25
case_247_none_no	none_no	2	ptr_arith	ptr_chain	local_ptr	rand_scratch	char	33
case_248_none_no	none_no	3	ptr_arith	function	reference	dead_store	long long	36
case_249_none_no	none_no	4	heap_cell	function	function	dead_store	char	37
case_250_none_no	none_no	5	heap_cell_leaked	alias_choice	lambda	dead_store	long long	46
case_251_none_no	none_no	1	local_scalar	local_ptr	direct	none	int	21
case_252_none_no	none_no	2	local_array	local_ptr	local_ptr	none	char	30
case_253_none_no	none_no	3	local_scalar	function	func_ptr	rand_scratch	int	29
case_254_none_no	none_no	4	heap_cell	lambda	local_ptr	rand_scratch	long	35
case_255_none_no	none_no	5	union_field	alias_choice	template	rand_scratch	short	49
case_256_none_no	none_no	1	global_scalar	direct	direct	none	long long	26
case_257_none_no	none_no	2	local_scalar	direct	direct	rand_scratch	unsigned int	24
case_258_none_no	none_no	3	static_scalar	ptr_chain	lambda	rand_scratch	short	30
case_259_none_no	none_no	4	heap_cell	ptr_chain	reference	none	unsigned int	33
case_260_none_no	none_no	5	static_scalar	template	func_ptr	rand_scratch	char	41
case_261_none_no	none_no	1	global_scalar	local_ptr	local_ptr	none	int	24
case_262_none_no	none_no	2	local_array	direct	local_ptr	unrelated_pair	long	28
case_263_none_no	none_no	3	static_scalar	lambda	function	rand_scratch	int	31
case_264_none_no	none_no	4	malloc_cell	reference	function	rand_scratch	long	35
case_265_none_no	none_no	5	malloc_cell	function	template	rand_scratch	long long	41
case_266_none_no	none_no	1	local_scalar	direct	local_ptr	none	short	23
case_267_none_no	none_no	2	ptr_arith	direct	local_ptr	dead_store	short	29
case_268_none_no	none_no	3	rand_index	local_ptr	function	unrelated_pair	short	37
case_269_none_no	none_no	4	heap_cell	function	local_ptr	none	int	29
case_270_none_no	none_no	5	rand_index	alias_choice	lambda	dead_store	long long	49
case_271_none_no	none_no	1	static_scalar	local_ptr	direct	none	long long	26
case_272_none_no	none_no	2	rand_index	direct	direct	unrelated_pair	unsigned int	35
case_273_none_no	none_no	3	global_scalar	lambda	func_ptr	none	int	34
case_274_none_no	none_no	4	heap_struct	direct	direct	unrelated_pair	long long	35
case_275_none_no	none_no	5	local_array	alias_choice	two_level	dead_store	char	47
case_276_none_no	none_no	1	global_scalar	local_ptr	direct	none	char	28
case_277_none_no	none_no	2	static_scalar	ptr_chain	local_ptr	dead_store	long long	30
case_278_none_no	none_no	3	static_scalar	ptr_chain	function	rand_scratch	int	26
case_279_none_no	none_no	4	heap_struct	function	two_level	unrelated_pair	char	46
case_280_none_no	none_no	5	static_scalar	alias_choice	func_ptr	unrelated_pair	long	40
case_281_none_no	none_no	1	global_scalar	direct	direct	none	char	27
case_282_none_no	none_no	2	local_array	direct	direct	rand_scratch	int	24
case_283_none_no	none_no	3	global_scalar	reference	function	none	unsigned int	31
case_284_none_no	none_no	4	heap_cell	ptr_chain	reference	rand_scratch	char	36
case_285_none_no	none_no	5	heap_cell	direct	template	none	unsigned int	34
case_286_none_no	none_no	1	global_scalar	local_ptr	local_ptr	none	unsigned int	27
case_287_none_no	none_no	2	ptr_arith	local_ptr	local_ptr	rand_scratch	short	29
case_288_none_no	none_no	3	static_scalar	reference	two_level	dead_store	short	36
case_289_none_no	none_no	4	heap_cell	reference	local_ptr	none	int	30
case_290_none_no	none_no	5	local_scalar	alias_choice	reference	none	char	38
case_291_none_no	none_no	1	local_scalar	direct	local_ptr	none	unsigned int	24
case_292_none_no	none_no	2	local_scalar	local_ptr	direct	dead_store	long long	27
case_293_none_no	none_no	3	local_scalar	lambda	lambda	none	long long	35
case_294_none_no	none_no	4	heap_cell_leaked	func_ptr	direct	dead_store	short	35
case_295_none_no	none_no	5	malloc_cell	template	func_ptr	none	unsigned int	44
case_296_none_no	none_no	1	static_scalar	local_ptr	direct	none	unsigned int	25
case_297_none_no	none_no	2	static_scalar	direct	local_ptr	rand_scratch	unsigned int	26
case_298_none_no	none_no	3	ptr_arith	func_ptr_table	local_ptr	none	short	33
case_299_none_no	none_no	4	heap_struct	function	direct	dead_store	unsigned int	36
case_300_none_no	none_no	5	union_field	reference	function	unrelated_pair	char	44
case_301_none_no	none_no	1	global_scalar	direct	local_ptr	none	long long	27
case_302_none_no	none_no	2	local_scalar	direct	local_ptr	dead_store	long long	27
case_303_none_no	none_no	3	rand_index	func_ptr_table	function	none	long long	41
case_304_none_no	none_no	4	malloc_cell	func_ptr_table	func_ptr	unrelated_pair	int	41
case_305_none_no	none_no	5	local_scalar	alias_choice	local_ptr	dead_store	int	33
case_306_none_no	none_no	1	static_scalar	local_ptr	direct	none	int	22
case_307_none_no	none_no	2	local_scalar	ptr_chain	direct	dead_store	long	25
case_308_none_no	none_no	3	ptr_arith	function	lambda	none	char	36
case_309_none_no	none_no	4	heap_cell	func_ptr	two_level	none	unsigned int	40
case_310_none_no	none_no	5	malloc_cell	alias_choice	function	dead_store	short	43
case_311_none_no	none_no	1	global_scalar	direct	local_ptr	none	int	23
case_312_none_no	none_no	2	local_scalar	ptr_chain	direct	unrelated_pair	unsigned int	28
case_313_none_no	none_no	3	rand_index	func_ptr	function	dead_store	unsigned int	41
case_314_none_no	none_no	4	heap_cell	reference	reference	rand_scratch	int	33
case_315_none_no	none_no	5	union_field	lambda	two_level	dead_store	long long	50
case_316_none_no	none_no	1	local_scalar	direct	direct	none	char	25
case_317_none_no	none_no	2	ptr_arith	local_ptr	local_ptr	rand_scratch	long long	31
case_318_none_no	none_no	3	rand_index	func_ptr	direct	dead_store	long long	40
case_319_none_no	none_no	4	heap_cell_leaked	local_ptr	reference	none	int	30
case_320_none_no	none_no	5	local_scalar	template	two_level	unrelated_pair	int	39
case_321_none_no	none_no	1	global_scalar	local_ptr	direct	none	long	24
case_322_none_no	none_no	2	rand_index	direct	local_ptr	none	int	30
case_323_none_no	none_no	3	global_scalar	direct	two_level	none	long long	33
case_324_none_no	none_no	4	heap_cell_leaked	local_ptr	two_level	none	int	34
case_325_none_no	none_no	5	heap_cell	template	template	dead_store	unsigned int	45
case_326_none_no	none_no	1	static_scalar	direct	local_ptr	none	short	24
case_327_none_no	none_no	2	rand_index	ptr_chain	direct	unrelated_pair	short	36
case_328_none_no	none_no	3	local_array	lambda	two_level	none	short	39
case_329_none_no	none_no	4	malloc_cell	func_ptr_table	func_ptr	unrelated_pair	unsigned int	44
case_330_none_no	none_no	5	heap_cell	two_level	template	unrelated_pair	long	43
case_331_none_no	none_no	1	static_scalar	direct	local_ptr	none	long	23
case_332_none_no	none_no	2	static_scalar	ptr_chain	direct	rand_scratch	long long	28
case_333_none_no	none_no	3	ptr_arith	lambda	function	dead_store	long long	39
case_334_none_no	none_no	4	heap_cell_leaked	func_ptr	two_level	none	char	43
case_335_none_no	none_no	5	malloc_cell	template	reference	unrelated_pair	long long	46
case_336_none_no	none_no	1	local_scalar	local_ptr	direct	none	unsigned int	24
case_337_none_no	none_no	2	static_scalar	ptr_chain	local_ptr	rand_scratch	long	26
case_338_none_no	none_no	3	rand_index	local_ptr	function	dead_store	short	36
case_339_none_no	none_no	4	heap_struct	two_level	two_level	unrelated_pair	long long	50
case_340_none_no	none_no	5	global_scalar	function	template	dead_store	long long	37
case_341_none_no	none_no	1	static_scalar	direct	local_ptr	none	int	22
case_342_none_no	none_no	2	rand_index	direct	local_ptr	unrelated_pair	char	38
case_343_none_no	none_no	3	static_scalar	lambda	func_ptr	unrelated_pair	int	36
case_344_none_no	none_no	4	heap_struct	direct	two_level	rand_scratch	int	36
case_345_none_no	none_no	5	heap_struct	two_level	template	rand_scratch	long	44
case_346_none_no	none_no	1	local_scalar	direct	direct	none	int	20
case_347_none_no	none_no	2	static_scalar	ptr_chain	direct	rand_scratch	unsigned int	27
case_348_none_no	none_no	3	local_array	func_ptr	func_ptr	none	unsigned int	36
case_349_none_no	none_no	4	heap_cell_leaked	local_ptr	two_level	unrelated_pair	short	39
case_350_none_no	none_no	5	malloc_cell	template	func_ptr	dead_store	int	43
case_351_none_no	none_no	1	local_scalar	local_ptr	local_ptr	none	int	22
case_352_none_no	none_no	2	static_scalar	ptr_chain	local_ptr	dead_store	char	31
case_353_none_no	none_no	3	global_scalar	reference	reference	dead_store	unsigned int	34
case_354_none_no	none_no	4	heap_struct	func_ptr_table	two_level	dead_store	long long	47
case_355_none_no	none_no	5	heap_cell_leaked	alias_choice	template	unrelated_pair	char	50
case_356_none_no	none_no	1	static_scalar	direct	local_ptr	none	long long	26
case_357_none_no	none_no	2	rand_index	local_ptr	direct	rand_scratch	short	33
case_358_none_no	none_no	3	local_array	reference	two_level	rand_scratch	long long	39
case_359_none_no	none_no	4	heap_cell	lambda	function	unrelated_pair	char	42
case_360_none_no	none_no	5	union_field	reference	lambda	none	char	43
case_361_none_no	none_no	1	local_scalar	direct	direct	none	short	22
case_362_none_no	none_no	2	rand_index	ptr_chain	local_ptr	none	unsigned int	35
case_363_none_no	none_no	3	local_array	ptr_chain	func_ptr	none	unsigned int	33
case_364_none_no	none_no	4	heap_cell_leaked	reference	reference	unrelated_pair	unsigned int	39
case_365_none_no	none_no	5	local_scalar	ptr_chain	template	none	char	33
case_366_none_no	none_no	1	global_scalar	local_ptr	direct	none	long long	27
case_367_none_no	none_no	2	static_scalar	local_ptr	direct	rand_scratch	int	23
case_368_none_no	none_no	3	rand_index	two_level	lambda	unrelated_pair	long long	48
case_369_none_no	none_no	4	heap_struct	two_level	local_ptr	dead_store	int	39
case_370_none_no	none_no	5	rand_index	template	reference	none	unsigned int	44
case_371_none_no	none_no	1	local_scalar	local_ptr	local_ptr	none	long long	26
case_372_none_no	none_no	2	local_array	direct	local_ptr	unrelated_pair	char	32
case_373_none_no	none_no	3	local_scalar	ptr_chain	func_ptr	rand_scratch	long	29
case_374_none_no	none_no	4	heap_cell	two_level	direct	rand_scratch	short	36
case_375_none_no	none_no	5	union_field	reference	two_level	dead_store	char	48
case_376_none_no	none_no	1	local_scalar	direct	direct	none	unsigned int	23
case_377_sinkvol_yes	sinkvol_yes	2	global_scalar	rare_branch	direct	pad_writes_small	short	39	23	4
case_378_sinkvol_yes	sinkvol_yes	3	rand_index	rare_patch	local_ptr	pad_writes_large	char	28	41	23
case_379_sinkvol_yes	sinkvol_yes	4	heap_cell_leaked	rare_alias	two_level	pad_writes_small	short	28	19	5
case_380_sinkvol_yes	sinkvol_yes	5	union_field	rare_lambda	template	pad_reads_small	long long	49	37	11
case_381_sinkvol_yes	sinkvol_yes	2	ptr_arith	rare_switch	local_ptr	none	long	67	19	5
case_382_sinkvol_yes	sinkvol_yes	3	local_array	rare_branch	two_level	pad_reads_small	long	45	31	17
case_383_sinkvol_yes	sinkvol_yes	4	malloc_cell	rare_function	func_ptr	pad_reads_large	int	75	23	4
case_384_sinkvol_yes	sinkvol_yes	5	ptr_arith	rare_function	template	pad_writes_large	long long	58	23	4
case_385_sinkvol_yes	sinkvol_yes	2	static_scalar	rare_switch	local_ptr	pad_writes_small	char	50	29	9
case_386_sinkvol_yes	sinkvol_yes	3	ptr_arith	rare_lambda	function	none	int	63	19	12
case_387_sinkvol_yes	sinkvol_yes	4	malloc_cell	rare_lambda	reference	none	unsigned int	27	23	4
case_388_sinkvol_yes	sinkvol_yes	5	union_field	rare_table_slot	function	pad_reads_large	unsigned int	45	19	12
case_389_sinkvol_yes	sinkvol_yes	2	global_scalar	rare_branch	local_ptr	pad_reads_small	short	39	37	29
case_390_sinkvol_yes	sinkvol_yes	3	local_scalar	rare_switch	lambda	pad_reads_small	long	39	29	9
case_391_sinkvol_yes	sinkvol_yes	4	rand_index	rare_alias	reference	none	long	48	37	29
case_392_sinkvol_yes	sinkvol_yes	5	rand_index	rare_loop_shape	template	pad_writes_large	long long	54	23	4
case_393_sinkvol_yes	sinkvol_yes	2	static_scalar	rare_patch	direct	pad_reads_small	long long	31	31	7
case_394_sinkvol_yes	sinkvol_yes	3	static_scalar	rare_switch	two_level	pad_reads_small	unsigned int	48	31	7
case_395_sinkvol_yes	sinkvol_yes	4	heap_cell_leaked	rare_function	direct	pad_writes_small	int	68	37	29
case_396_sinkvol_yes	sinkvol_yes	5	rand_index	rare_recursion	template	pad_reads_large	int	44	29	9
case_397_sinkvol_yes	sinkvol_yes	2	ptr_arith	rare_patch	local_ptr	pad_writes_small	long long	52	41	13
case_398_sinkvol_yes	sinkvol_yes	3	local_scalar	rare_lambda	direct	pad_writes_small	char	40	19	12
case_399_sinkvol_yes	sinkvol_yes	4	heap_cell	rare_patch	reference	pad_writes_large	char	60	31	17
case_400_sinkvol_yes	sinkvol_yes	5	union_field	rare_function	direct	pad_reads_small	int	36	31	17
case_401_sinkvol_yes	sinkvol_yes	2	local_array	rare_branch	direct	pad_writes_small	unsigned int	47	31	7
case_402_sinkvol_yes	sinkvol_yes	3	ptr_arith	rare_switch	local_ptr	pad_writes_large	char	71	23	4
case_403_sinkvol_yes	sinkvol_yes	4	heap_cell	rare_switch	reference	pad_reads_large	char	78	19	12
case_404_sinkvol_yes	sinkvol_yes	5	malloc_cell	rare_recursion	template	pad_reads_large	short	32	29	9
case_405_sinkvol_yes	sinkvol_yes	2	ptr_arith	rare_patch	local_ptr	pad_reads_small	int	48	31	7
case_406_sinkvol_yes	sinkvol_yes	3	rand_index	rare_function	reference	pad_reads_large	unsigned int	32	37	29
case_407_sinkvol_yes	sinkvol_yes	4	heap_cell_leaked	rare_function	local_ptr	pad_writes_large	long	69	19	5
case_408_sinkvol_yes	sinkvol_yes	5	heap_struct	rare_func_ptr	template	pad_reads_small	short	27	41	13
case_409_sinkvol_yes	sinkvol_yes	2	ptr_arith	rare_patch	direct	pad_reads_small	long	49	31	7
case_410_sinkvol_yes	sinkvol_yes	3	global_scalar	rare_switch	lambda	pad_writes_small	char	57	23	4
case_411_sinkvol_yes	sinkvol_yes	4	static_scalar	rare_recursion	function	pad_reads_small	unsigned int	51	37	11
case_412_sinkvol_yes	sinkvol_yes	5	local_scalar	rare_alias	template	pad_writes_large	short	46	23	4
case_413_sinkvol_yes	sinkvol_yes	2	ptr_arith	rare_branch	direct	none	int	51	41	23
case_414_sinkvol_yes	sinkvol_yes	3	local_scalar	rare_func_ptr	function	pad_reads_large	int	29	37	29
case_415_sinkvol_yes	sinkvol_yes	4	heap_cell	rare_lambda	two_level	pad_writes_small	int	70	23	4
case_416_sinkvol_yes	sinkvol_yes	5	heap_struct	rare_branch	template	pad_writes_large	long long	23	37	29
case_417_sinkvol_yes	sinkvol_yes	2	local_array	rare_branch	direct	none	long	45	41	23
case_418_sinkvol_yes	sinkvol_yes	3	global_scalar	rare_function	local_ptr	pad_reads_large	unsigned int	43	19	5
case_419_sinkvol_yes	sinkvol_yes	4	heap_cell_leaked	rare_loop_shape	two_level	none	long long	33	29	9
case_420_sinkvol_yes	sinkvol_yes	5	rand_index	rare_table_slot	template	pad_reads_small	long	36	19	12
case_421_sinkvol_yes	sinkvol_yes	2	local_array	rare_branch	direct	pad_writes_small	long long	48	37	29
case_422_sinkvol_yes	sinkvol_yes	3	rand_index	rare_lambda	reference	pad_writes_large	long long	42	19	12
case_423_sinkvol_yes	sinkvol_yes	4	heap_cell	rare_loop_shape	local_ptr	pad_reads_large	int	22	29	19
case_424_sinkvol_yes	sinkvol_yes	5	union_field	rare_switch	func_ptr	none	char	53	29	9
case_425_sinkvol_yes	sinkvol_yes	2	ptr_arith	rare_patch	local_ptr	pad_writes_small	unsigned int	51	37	29
case_426_sinkvol_yes	sinkvol_yes	3	static_scalar	rare_switch	lambda	pad_reads_large	int	45	31	17
case_427_sinkvol_yes	sinkvol_yes	4	heap_cell_leaked	rare_lambda	two_level	pad_writes_large	int	77	31	7
case_428_sinkvol_yes	sinkvol_yes	5	union_field	rare_patch	lambda	pad_writes_small	short	32	41	23
case_429_sinkvol_yes	sinkvol_yes	2	static_scalar	rare_branch	local_ptr	pad_reads_small	char	35	19	12
case_430_sinkvol_yes	sinkvol_yes	3	rand_index	rare_patch	reference	pad_reads_large	long long	27	31	7
case_431_sinkvol_yes	sinkvol_yes	4	heap_cell	rare_patch	direct	none	int	55	41	23
case_432_sinkvol_yes	sinkvol_yes	5	malloc_cell	rare_alias	template	pad_writes_small	int	33	41	13
case_433_sinkvol_yes	sinkvol_yes	2	static_scalar	rare_branch	local_ptr	pad_reads_small	unsigned int	33	37	29
case_434_sinkvol_yes	sinkvol_yes	3	static_scalar	rare_func_ptr	function	pad_writes_large	char	41	23	11
case_435_sinkvol_yes	sinkvol_yes	4	rand_index	rare_recursion	direct	pad_writes_small	long long	48	37	29
case_436_sinkvol_yes	sinkvol_yes	5	ptr_arith	rare_alias	template	pad_reads_small	long	73	41	13
case_437_sinkvol_yes	sinkvol_yes	2	global_scalar	rare_patch	direct	none	unsigned int	37	41	23
case_438_sinkvol_yes	sinkvol_yes	3	local_array	rare_func_ptr	lambda	pad_reads_small	long	51	29	9
case_439_sinkvol_yes	sinkvol_yes	4	heap_cell	rare_alias	direct	pad_reads_small	int	79	37	11
case_440_sinkvol_yes	sinkvol_yes	5	union_field	rare_func_ptr	direct	pad_reads_large	long	40	23	4
case_441_sinkvol_yes	sinkvol_yes	2	local_array	rare_branch	direct	none	int	44	37	11
case_442_sinkvol_yes	sinkvol_yes	3	local_array	rare_patch	function	none	short	43	29	19
case_443_sinkvol_yes	sinkvol_yes	4	heap_struct	rare_lambda	func_ptr	none	char	36	19	12
case_444_sinkvol_yes	sinkvol_yes	5	heap_cell	rare_loop_shape	template	pad_reads_large	unsigned int	25	31	17
case_445_sinkvol_yes	sinkvol_yes	2	ptr_arith	rare_patch	direct	pad_writes_small	long	49	23	4
case_446_sinkvol_yes	sinkvol_yes	3	global_scalar	rare_func_ptr	reference	pad_writes_small	unsigned int	46	19	5
case_447_sinkvol_yes	sinkvol_yes	4	static_scalar	rare_recursion	direct	pad_writes_large	long long	52	29	9
case_448_sinkvol_yes	sinkvol_yes	5	union_field	rare_func_ptr	direct	pad_writes_small	short	41	37	11
case_449_sinkvol_yes	sinkvol_yes	2	local_scalar	rare_switch	local_ptr	none	unsigned int	41	41	13
case_450_sinkvol_yes	sinkvol_yes	3	local_scalar	rare_switch	reference	pad_reads_large	char	43	23	4
case_451_sinkvol_yes	sinkvol_yes	4	heap_cell_leaked	rare_lambda	lambda	pad_reads_small	long	78	29	19
case_452_srcvol_yes	srcvol_yes	2	local_array	local_ptr	rare_extra	none	short	40	23	4
case_453_srcvol_yes	srcvol_yes	3	ptr_arith	direct	rare_function	pad_reads_small	int	40	37	29
case_454_srcvol_yes	srcvol_yes	4	malloc_cell	reference	rare_function	pad_reads_small	long	68	41	23
case_455_srcvol_yes	srcvol_yes	5	local_scalar	alias_choice	rare_recursion	pad_reads_small	long	51	37	29
case_456_srcvol_yes	srcvol_yes	2	local_scalar	local_ptr	rare_switch	pad_writes_small	unsigned int	26	19	12
case_457_srcvol_yes	srcvol_yes	3	local_array	two_level	rare_table_slot	pad_reads_small	short	61	31	7
case_458_srcvol_yes	srcvol_yes	4	rand_index	ptr_chain	rare_loop_shape	pad_reads_small	unsigned int	74	29	9
case_459_srcvol_yes	srcvol_yes	5	malloc_cell	alias_choice	rare_switch	pad_writes_small	long	26	23	11
case_460_srcvol_yes	srcvol_yes	2	static_scalar	ptr_chain	rare_switch	pad_writes_small	int	31	41	13
case_461_srcvol_yes	srcvol_yes	3	ptr_arith	direct	rare_branch	pad_writes_large	long long	44	19	12
case_462_srcvol_yes	srcvol_yes	4	heap_cell	func_ptr_table	rare_extra	pad_reads_large	int	63	31	17
case_463_srcvol_yes	srcvol_yes	5	global_scalar	alias_choice	rare_func_ptr	none	long long	64	29	19
case_464_srcvol_yes	srcvol_yes	2	ptr_arith	local_ptr	rare_extra	pad_reads_small	char	48	23	11
case_465_srcvol_yes	srcvol_yes	3	static_scalar	func_ptr	rare_table_slot	pad_writes_small	int	40	19	12
case_466_srcvol_yes	srcvol_yes	4	heap_cell	local_ptr	rare_alias	none	char	53	29	19
case_467_srcvol_yes	srcvol_yes	5	heap_cell	alias_choice	rare_extra	pad_writes_large	long long	79	37	29
case_468_srcvol_yes	srcvol_yes	2	local_array	ptr_chain	rare_extra	none	unsigned int	44	31	7
case_469_srcvol_yes	srcvol_yes	3	static_scalar	lambda	rare_branch	pad_writes_small	short	48	19	5
case_470_srcvol_yes	srcvol_yes	4	malloc_cell	function	rare_alias	pad_reads_small	char	69	29	9
case_471_srcvol_yes	srcvol_yes	5	static_scalar	template	rare_branch	none	short	54	23	11
case_472_srcvol_yes	srcvol_yes	2	ptr_arith	ptr_chain	rare_switch	pad_reads_small	short	48	41	23
case_473_srcvol_yes	srcvol_yes	3	static_scalar	reference	rare_func_ptr	pad_writes_small	short	39	19	12
case_474_srcvol_yes	srcvol_yes	4	ptr_arith	func_ptr	rare_recursion	pad_writes_large	long long	59	41	13
case_475_srcvol_yes	srcvol_yes	5	union_field	local_ptr	rare_loop_shape	pad_reads_small	long long	77	31	17
case_476_srcvol_yes	srcvol_yes	2	rand_index	direct	rare_switch	none	long	66	37	11
case_477_srcvol_yes	srcvol_yes	3	ptr_arith	lambda	rare_table_slot	none	int	61	31	17
case_478_srcvol_yes	srcvol_yes	4	local_array	func_ptr	rare_alias	none	long long	54	31	7
case_479_srcvol_yes	srcvol_yes	5	global_scalar	alias_choice	rare_alias	pad_writes_large	short	62	19	5
case_480_srcvol_yes	srcvol_yes	2	ptr_arith	direct	rare_switch	pad_writes_small	unsigned int	43	29	9
case_481_srcvol_yes	srcvol_yes	3	rand_index	two_level	rare_branch	pad_reads_small	char	34	29	9
case_482_srcvol_yes	srcvol_yes	4	heap_cell	two_level	rare_func_ptr	pad_reads_small	short	71	37	29
case_483_srcvol_yes	srcvol_yes	5	union_field	alias_choice	rare_extra	pad_reads_large	char	45	41	23
case_484_srcvol_yes	srcvol_yes	2	rand_index	ptr_chain	rare_switch	pad_writes_small	int	71	23	4
case_485_srcvol_yes	srcvol_yes	3	ptr_arith	func_ptr_table	rare_lambda	pad_writes_large	char	63	41	13
case_486_srcvol_yes	srcvol_yes	4	heap_cell_leaked	lambda	rare_function	pad_reads_large	long long	75	19	12
case_487_srcvol_yes	srcvol_yes	5	global_scalar	alias_choice	rare_recursion	pad_writes_large	char	65	29	9
case_488_srcvol_yes	srcvol_yes	2	local_scalar	local_ptr	rare_extra	pad_writes_small	short	25	37	11
case_489_srcvol_yes	srcvol_yes	3	ptr_arith	direct	rare_function	pad_writes_large	long	41	37	29
case_490_srcvol_yes	srcvol_yes	4	heap_cell_leaked	function	rare_table_slot	pad_reads_small	int	59	37	11
case_491_srcvol_yes	srcvol_yes	5	union_field	reference	rare_branch	pad_writes_large	int	22	41	23
case_492_srcvol_yes	srcvol_yes	2	local_array	local_ptr	rare_switch	none	char	43	31	17
case_493_srcvol_yes	srcvol_yes	3	ptr_arith	lambda	rare_extra	pad_reads_small	char	66	29	19
case_494_srcvol_yes	srcvol_yes	4	heap_cell	ptr_chain	rare_loop_shape	pad_writes_large	char	56	19	12
case_495_srcvol_yes	srcvol_yes	5	union_field	direct	rare_func_ptr	pad_writes_small	long	71	31	17
case_496_srcvol_yes	srcvol_yes	2	rand_index	direct	rare_switch	pad_reads_small	short	67	31	7
case_497_srcvol_yes	srcvol_yes	3	local_array	lambda	rare_extra	pad_writes_large	long	57	23	11
case_498_srcvol_yes	srcvol_yes	4	heap_cell	lambda	rare_switch	pad_reads_large	char	71	31	17
case_499_srcvol_yes	srcvol_yes	5	union_field	alias_choice	rare_switch	pad_reads_small	unsigned int	43	31	7
case_500_srcvol_yes	srcvol_yes	2	global_scalar	direct	rare_switch	pad_reads_small	char	35	37	11
case_501_srcvol_yes	srcvol_yes	3	ptr_arith	two_level	rare_lambda	pad_reads_large	unsigned int	67	19	5
case_502_srcvol_yes	srcvol_yes	4	heap_cell_leaked	ptr_chain	rare_function	pad_reads_small	long long	60	41	23
case_503_srcvol_yes	srcvol_yes	5	malloc_cell	template	rare_func_ptr	pad_writes_large	unsigned int	25	19	5
case_504_srcvol_yes	srcvol_yes	2	rand_index	local_ptr	rare_extra	none	long long	72	29	9
case_505_srcvol_yes	srcvol_yes	3	ptr_arith	func_ptr	rare_branch	pad_reads_large	short	57	37	11
case_506_srcvol_yes	srcvol_yes	4	heap_struct	ptr_chain	rare_switch	pad_writes_large	char	71	19	12
case_507_srcvol_yes	srcvol_yes	5	union_field	ptr_chain	rare_switch	pad_reads_large	long long	20	29	9
case_508_srcvol_yes	srcvol_yes	2	global_scalar	ptr_chain	rare_branch	pad_writes_small	long long	40	41	13
case_509_srcvol_yes	srcvol_yes	3	ptr_arith	func_ptr	rare_switch	pad_writes_large	long	56	23	4
case_510_srcvol_yes	srcvol_yes	4	heap_cell_leaked	func_ptr_table	rare_switch	pad_reads_large	long long	72	29	9
case_511_srcvol_yes	srcvol_yes	5	rand_index	template	rare_table_slot	pad_reads_small	int	32	23	11
case_512_srcvol_yes	srcvol_yes	2	local_array	ptr_chain	rare_switch	none	short	43	23	11
case_513_srcvol_yes	srcvol_yes	3	global_scalar	func_ptr_table	rare_extra	pad_writes_small	char	53	29	9
case_514_srcvol_yes	srcvol_yes	4	heap_cell_leaked	two_level	rare_function	none	char	79	37	29
case_515_srcvol_yes	srcvol_yes	5	static_scalar	alias_choice	rare_loop_shape	pad_reads_small	short	57	23	11
case_516_srcvol_yes	srcvol_yes	2	rand_index	ptr_chain	rare_branch	pad_writes_small	long	72	29	9
case_517_srcvol_yes	srcvol_yes	3	global_scalar	func_ptr	rare_lambda	none	unsigned int	48	31	17
case_518_srcvol_yes	srcvol_yes	4	heap_cell_leaked	two_level	rare_lambda	pad_reads_large	unsigned int	77	29	9
case_519_srcvol_yes	srcvol_yes	5	malloc_cell	alias_choice	rare_extra	pad_writes_large	long	26	31	7
case_520_srcvol_yes	srcvol_yes	2	local_array	ptr_chain	rare_switch	pad_reads_small	char	46	29	19
case_521_srcvol_yes	srcvol_yes	3	local_array	function	rare_table_slot	pad_reads_small	long	45	29	9
case_522_srcvol_yes	srcvol_yes	4	heap_cell_leaked	lambda	rare_func_ptr	pad_writes_large	unsigned int	74	37	29
case_523_srcvol_yes	srcvol_yes	5	ptr_arith	alias_choice	rare_extra	pad_writes_small	char	75	31	7
case_524_srcvol_yes	srcvol_yes	2	ptr_arith	local_ptr	rare_branch	pad_reads_small	short	45	19	12
case_525_srcvol_yes	srcvol_yes	3	ptr_arith	func_ptr_table	rare_table_slot	pad_writes_small	char	63	31	7
case_526_srcvol_yes	srcvol_yes	4	heap_cell_leaked	reference	rare_lambda	pad_writes_small	long long	66	31	7
case_527_bothvol_yes	bothvol_yes	2	rand_index	rare_branch	rare_switch	pad_writes_small	long	58	19	12	23	11
case_528_bothvol_yes	bothvol_yes	3	local_array	rare_patch	rare_branch	pad_reads_large	short	30	41	23	19	5
case_529_bothvol_yes	bothvol_yes	4	static_scalar	rare_branch	rare_alias	pad_reads_large	short	36	37	11	29	19
case_530_bothvol_yes	bothvol_yes	5	union_field	rare_switch	rare_alias	pad_writes_small	long	28	41	23	31	17
case_531_bothvol_yes	bothvol_yes	2	global_scalar	rare_branch	rare_extra	none	short	31	41	23	29	19
case_532_bothvol_yes	bothvol_yes	3	ptr_arith	rare_patch	rare_function	pad_reads_small	long long	34	31	7	29	9
case_533_bothvol_yes	bothvol_yes	4	local_array	rare_recursion	rare_switch	pad_writes_large	char	70	31	17	23	4
case_534_bothvol_yes	bothvol_yes	5	union_field	rare_patch	rare_extra	pad_writes_small	long	50	19	12	29	19
case_535_bothvol_yes	bothvol_yes	2	local_array	rare_patch	rare_branch	pad_reads_small	char	30	31	7	29	9
case_536_bothvol_yes	bothvol_yes	3	global_scalar	rare_switch	rare_func_ptr	pad_writes_small	long	59	37	29	41	13
case_537_bothvol_yes	bothvol_yes	4	ptr_arith	rare_loop_shape	rare_alias	pad_reads_large	short	25	31	17	29	19
case_538_bothvol_yes	bothvol_yes	5	union_field	rare_patch	rare_extra	pad_reads_small	long	50	19	12	37	29
case_539_bothvol_yes	bothvol_yes	2	local_scalar	rare_patch	rare_extra	pad_writes_small	unsigned int	20	31	17	37	29
case_540_bothvol_yes	bothvol_yes	3	rand_index	rare_lambda	rare_switch	pad_reads_large	unsigned int	78	41	23	23	4
case_541_bothvol_yes	bothvol_yes	4	malloc_cell	rare_loop_shape	rare_branch	pad_writes_large	long	27	41	23	37	29
case_542_bothvol_yes	bothvol_yes	5	union_field	rare_func_ptr	rare_function	pad_writes_small	short	67	31	17	41	13
case_543_bothvol_yes	bothvol_yes	2	rand_index	rare_patch	rare_extra	pad_reads_small	short	47	19	12	41	13
case_544_bothvol_yes	bothvol_yes	3	static_scalar	rare_function	rare_table_slot	none	char	37	31	7	29	9
case_545_bothvol_yes	bothvol_yes	4	heap_cell_leaked	rare_func_ptr	rare_switch	none	unsigned int	59	19	5	29	9
case_546_bothvol_yes	bothvol_yes	5	union_field	rare_recursion	rare_alias	pad_writes_large	long	33	23	4	37	11
case_547_bothvol_yes	bothvol_yes	2	rand_index	rare_branch	rare_switch	pad_reads_small	int	58	41	13	29	9
case_548_bothvol_yes	bothvol_yes	3	rand_index	rare_function	rare_function	pad_writes_large	short	59	23	11	19	12
case_549_bothvol_yes	bothvol_yes	4	local_scalar	rare_recursion	rare_table_slot	pad_writes_small	int	59	29	19	41	13
case_550_bothvol_yes	bothvol_yes	5	union_field	rare_recursion	rare_recursion	pad_reads_large	int	32	41	23	37	11
case_551_bothvol_yes	bothvol_yes	2	static_scalar	rare_branch	rare_extra	pad_reads_small	char	28	29	19	23	11
case_552_bothvol_yes	bothvol_yes	3	static_scalar	rare_table_slot	rare_extra	pad_writes_large	long	43	23	4	31	7
case_553_bothvol_yes	bothvol_yes	4	local_array	rare_lambda	rare_alias	pad_writes_large	char	62	23	11	31	7
case_554_bothvol_yes	bothvol_yes	5	union_field	rare_patch	rare_func_ptr	pad_reads_small	char	53	31	17	37	11
case_555_bothvol_yes	bothvol_yes	2	local_array	rare_patch	rare_switch	none	short	35	41	23	23	11
case_556_bothvol_yes	bothvol_yes	3	rand_index	rare_function	rare_branch	pad_reads_small	long long	58	31	17	23	11
case_557_bothvol_yes	bothvol_yes	4	static_scalar	rare_func_ptr	rare_alias	pad_reads_large	int	46	37	11	41	23
case_558_bothvol_yes	bothvol_yes	5	union_field	rare_table_slot	rare_function	pad_reads_small	short	72	37	11	19	5
case_559_bothvol_yes	bothvol_yes	2	global_scalar	rare_switch	rare_switch	none	short	62	41	13	23	11
case_560_bothvol_yes	bothvol_yes	3	local_array	rare_function	rare_switch	pad_writes_large	int	45	41	23	23	11
case_561_bothvol_yes	bothvol_yes	4	ptr_arith	rare_alias	rare_alias	none	int	20	19	5	23	11
case_562_bothvol_yes	bothvol_yes	5	union_field	rare_recursion	rare_loop_shape	pad_writes_small	int	34	41	23	31	17
case_563_bothvol_yes	bothvol_yes	2	rand_index	rare_branch	rare_extra	pad_reads_small	unsigned int	52	23	11	19	12
case_564_bothvol_yes	bothvol_yes	3	static_scalar	rare_table_slot	rare_table_slot	pad_reads_large	long long	47	37	29	41	23
case_565_bothvol_yes	bothvol_yes	4	malloc_cell	rare_patch	rare_loop_shape	pad_writes_small	long long	50	19	12	29	19
case_566_bothvol_yes	bothvol_yes	5	union_field	rare_branch	rare_switch	pad_reads_small	long long	61	31	17	23	4
case_567_bothvol_yes	bothvol_yes	2	static_scalar	rare_patch	rare_switch	none	short	29	31	17	23	11
case_568_bothvol_yes	bothvol_yes	3	ptr_arith	rare_patch	rare_branch	pad_writes_large	short	33	23	4	41	13
case_569_bothvol_yes	bothvol_yes	4	static_scalar	rare_switch	rare_recursion	pad_writes_small	long long	60	19	12	41	23
case_570_bothvol_yes	bothvol_yes	5	union_field	rare_recursion	rare_loop_shape	none	int	34	41	23	29	9
case_571_bothvol_yes	bothvol_yes	2	static_scalar	rare_patch	rare_branch	pad_writes_small	unsigned int	24	37	11	41	13
case_572_bothvol_yes	bothvol_yes	3	rand_index	rare_patch	rare_switch	pad_reads_large	short	53	19	12	41	23
case_573_bothvol_yes	bothvol_yes	4	local_scalar	rare_recursion	rare_recursion	pad_reads_large	long	62	31	7	41	23
case_574_bothvol_yes	bothvol_yes	5	union_field	rare_func_ptr	rare_loop_shape	none	unsigned int	74	37	11	41	23
case_575_bothvol_yes	bothvol_yes	2	rand_index	rare_patch	rare_extra	pad_writes_small	char	47	29	9	19	12
case_576_bothvol_yes	bothvol_yes	3	rand_index	rare_lambda	rare_function	pad_writes_small	char	74	29	19	23	11
case_577_bothvol_yes	bothvol_yes	4	heap_cell_leaked	rare_table_slot	rare_branch	pad_writes_small	long	59	19	12	31	7
case_578_bothvol_yes	bothvol_yes	5	union_field	rare_lambda	rare_branch	pad_writes_large	char	76	31	7	23	11
case_579_bothvol_yes	bothvol_yes	2	ptr_arith	rare_patch	rare_extra	pad_writes_small	int	32	37	11	23	4
case_580_bothvol_yes	bothvol_yes	3	global_scalar	rare_patch	rare_switch	pad_writes_large	char	32	29	19	23	4
case_581_bothvol_yes	bothvol_yes	4	global_scalar	rare_func_ptr	rare_loop_shape	pad_writes_large	unsigned int	50	31	7	29	19
case_582_bothvol_yes	bothvol_yes	5	union_field	rare_recursion	rare_alias	pad_writes_small	int	33	41	23	29	9
case_583_bothvol_yes	bothvol_yes	2	local_array	rare_branch	rare_switch	none	long	40	41	23	19	5
case_584_bothvol_yes	bothvol_yes	3	rand_index	rare_patch	rare_func_ptr	pad_reads_small	long long	50	23	11	31	17
case_585_bothvol_yes	bothvol_yes	4	global_scalar	rare_alias	rare_alias	pad_reads_small	char	74	31	17	37	29
case_586_bothvol_yes	bothvol_yes	5	union_field	rare_lambda	rare_func_ptr	none	char	78	31	7	23	11
case_587_bothvol_yes	bothvol_yes	2	ptr_arith	rare_patch	rare_branch	none	long	33	41	23	29	19
case_588_bothvol_yes	bothvol_yes	3	local_scalar	rare_branch	rare_branch	pad_writes_large	long long	26	41	23	19	5
case_589_bothvol_yes	bothvol_yes	4	local_array	rare_table_slot	rare_loop_shape	pad_writes_large	unsigned int	58	41	13	29	19
case_590_bothvol_yes	bothvol_yes	5	union_field	rare_patch	rare_table_slot	pad_reads_small	int	54	41	13	19	5
case_591_bothvol_yes	bothvol_yes	2	local_scalar	rare_patch	rare_extra	pad_writes_small	char	20	41	23	19	12
case_592_bothvol_yes	bothvol_yes	3	local_array	rare_func_ptr	rare_extra	none	int	44	23	4	41	23
case_593_bothvol_yes	bothvol_yes	4	static_scalar	rare_patch	rare_recursion	pad_reads_large	unsigned int	30	37	11	29	19
case_594_bothvol_yes	bothvol_yes	5	union_field	rare_switch	rare_branch	pad_writes_small	int	21	37	11	29	19
case_595_bothvol_yes	bothvol_yes	2	static_scalar	rare_branch	rare_extra	none	long	28	31	17	23	4
case_596_bothvol_yes	bothvol_yes	3	ptr_arith	rare_function	rare_function	pad_reads_small	long long	44	41	13	29	9
case_597_bothvol_yes	bothvol_yes	4	heap_cell	rare_patch	rare_recursion	pad_reads_large	long long	42	37	29	31	7
case_598_bothvol_yes	bothvol_yes	5	union_field	rare_function	rare_function	pad_writes_large	short	62	29	9	19	12
case_599_bothvol_yes	bothvol_yes	2	rand_index	rare_patch	rare_extra	none	short	47	19	12	29	19
case_600_bothvol_yes	bothvol_yes	3	global_scalar	rare_lambda	rare_func_ptr	pad_reads_small	char	54	19	5	37	11
