case_001_none_no	no	old	OK	STABLE STABLE STABLE STABLE STABLE STABLE
case_002_none_no	no	old	OK	STABLE STABLE STABLE STABLE STABLE STABLE
case_003_none_no	no	old	OK	STABLE STABLE STABLE STABLE STABLE STABLE
case_004_none_no	no	old	OK	STABLE STABLE STABLE STABLE STABLE STABLE
case_005_none_no	no	old	OK	STABLE STABLE STABLE STABLE STABLE STABLE
case_006_none_no	no	old	OK	STABLE STABLE STABLE STABLE STABLE STABLE
case_007_none_no	no	old	OK	STABLE STABLE STABLE STABLE STABLE STABLE
case_008_none_no	no	old	OK	STABLE STABLE STABLE STABLE STABLE STABLE
case_009_none_no	no	old	OK	STABLE STABLE STABLE STABLE STABLE STABLE
case_010_none_no	no	old	OK	STABLE STABLE STABLE STABLE STABLE STABLE
case_011_none_no	no	old	OK	STABLE STABLE STABLE STABLE STABLE STABLE
case_012_none_no	no	old	OK	STABLE STABLE STABLE STABLE STABLE STABLE
case_013_none_no	no	old	OK	STABLE STABLE STABLE STABLE STABLE STABLE
case_014_none_no	no	old	OK	STABLE STABLE STABLE STABLE STABLE STABLE
case_015_none_no	no	old	OK	STABLE STABLE STABLE STABLE STABLE STABLE
case_016_none_no	no	old	OK	STABLE STABLE STABLE STABLE STABLE STABLE
case_017_none_no	no	old	OK	STABLE STABLE STABLE STABLE STABLE STABLE
case_023_none_no	no	old	OK	STABLE STABLE STABLE STABLE STABLE STABLE
case_024_none_no	no	old	OK	STABLE STABLE STABLE STABLE STABLE STABLE
case_025_none_no	no	old	OK	STABLE STABLE STABLE STABLE STABLE STABLE
case_026_sinkvol_yes	yes	old	INVALID	STABLE STABLE STABLE STABLE STABLE STABLE
case_027_sinkvol_yes	yes	old	OK	VOLATILE VOLATILE STABLE STABLE STABLE STABLE
case_028_sinkvol_yes	yes	old	OK	VOLATILE STABLE STABLE STABLE STABLE STABLE
case_029_sinkvol_yes	yes	old	INVALID	STABLE STABLE STABLE STABLE STABLE STABLE
case_030_sinkvol_yes	yes	old	INVALID	STABLE STABLE STABLE STABLE STABLE STABLE
case_031_sinkvol_yes	yes	old	OK	VOLATILE VOLATILE VOLATILE STABLE STABLE STABLE
case_032_sinkvol_yes	yes	old	OK	VOLATILE STABLE STABLE STABLE STABLE STABLE
case_033_sinkvol_yes	yes	old	OK	VOLATILE VOLATILE VOLATILE STABLE STABLE STABLE
case_034_sinkvol_yes	yes	old	INVALID	STABLE STABLE STABLE STABLE STABLE STABLE
case_035_sinkvol_yes	yes	old	INVALID	STABLE STABLE STABLE STABLE STABLE STABLE
case_036_sinkvol_yes	yes	old	INVALID	STABLE STABLE STABLE STABLE STABLE STABLE
case_037_sinkvol_yes	yes	old	OK	VOLATILE VOLATILE STABLE STABLE STABLE STABLE
case_038_sinkvol_yes	yes	old	OK	VOLATILE VOLATILE STABLE STABLE STABLE STABLE
case_039_sinkvol_yes	yes	old	INVALID	STABLE STABLE STABLE STABLE STABLE STABLE
case_040_sinkvol_yes	yes	old	OK	VOLATILE STABLE STABLE STABLE STABLE STABLE
case_041_sinkvol_yes	yes	old	INVALID	STABLE STABLE STABLE STABLE STABLE STABLE
case_042_sinkvol_yes	yes	old	OK	VOLATILE VOLATILE VOLATILE STABLE STABLE STABLE
case_043_sinkvol_yes	yes	old	INVALID	STABLE STABLE STABLE STABLE STABLE STABLE
case_044_sinkvol_yes	yes	old	OK	VOLATILE VOLATILE STABLE STABLE STABLE STABLE
case_045_sinkvol_yes	yes	old	INVALID	STABLE STABLE STABLE STABLE STABLE STABLE
case_046_sinkvol_yes	yes	old	OK	VOLATILE VOLATILE STABLE STABLE STABLE STABLE
case_047_sinkvol_yes	yes	old	OK	VOLATILE VOLATILE STABLE STABLE STABLE STABLE
case_048_sinkvol_yes	yes	old	OK	VOLATILE VOLATILE VOLATILE STABLE STABLE STABLE
case_049_sinkvol_yes	yes	old	OK	VOLATILE VOLATILE VOLATILE STABLE STABLE STABLE
case_050_sinkvol_yes	yes	old	OK	VOLATILE VOLATILE VOLATILE VOLATILE VOLATILE VOLATILE
case_052_srcvol_yes	yes	old	INVALID	STABLE STABLE STABLE STABLE STABLE STABLE
case_053_srcvol_yes	yes	old	OK	VOLATILE VOLATILE STABLE STABLE STABLE STABLE
case_054_srcvol_yes	yes	old	INVALID	STABLE STABLE STABLE STABLE STABLE STABLE
case_055_srcvol_yes	yes	old	OK	VOLATILE VOLATILE VOLATILE VOLATILE STABLE STABLE
case_056_srcvol_yes	yes	old	OK	VOLATILE VOLATILE VOLATILE STABLE STABLE STABLE
case_057_srcvol_yes	yes	old	OK	VOLATILE VOLATILE VOLATILE VOLATILE STABLE STABLE
case_058_srcvol_yes	yes	old	OK	VOLATILE VOLATILE VOLATILE VOLATILE STABLE STABLE
case_059_srcvol_yes	yes	old	OK	VOLATILE VOLATILE VOLATILE VOLATILE STABLE STABLE
case_060_srcvol_yes	yes	old	OK	VOLATILE VOLATILE VOLATILE VOLATILE VOLATILE STABLE
case_062_srcvol_yes	yes	old	OK	VOLATILE VOLATILE STABLE STABLE STABLE STABLE
case_063_srcvol_yes	yes	old	OK	VOLATILE STABLE STABLE STABLE STABLE STABLE
case_064_srcvol_yes	yes	old	OK	VOLATILE VOLATILE STABLE STABLE STABLE STABLE
case_065_srcvol_yes	yes	old	OK	VOLATILE VOLATILE VOLATILE STABLE STABLE STABLE
case_066_srcvol_yes	yes	old	OK	VOLATILE VOLATILE VOLATILE VOLATILE STABLE STABLE
case_067_srcvol_yes	yes	old	OK	VOLATILE VOLATILE VOLATILE STABLE STABLE STABLE
case_068_srcvol_yes	yes	old	OK	VOLATILE VOLATILE VOLATILE STABLE STABLE STABLE
case_069_srcvol_yes	yes	old	OK	VOLATILE VOLATILE VOLATILE VOLATILE STABLE STABLE
case_070_srcvol_yes	yes	old	OK	VOLATILE VOLATILE STABLE STABLE STABLE STABLE
case_071_srcvol_yes	yes	old	OK	VOLATILE VOLATILE STABLE STABLE STABLE STABLE
case_072_srcvol_yes	yes	old	OK	VOLATILE VOLATILE STABLE STABLE STABLE STABLE
case_073_srcvol_yes	yes	old	INVALID	STABLE STABLE STABLE STABLE STABLE STABLE
case_074_srcvol_yes	yes	old	OK	VOLATILE VOLATILE VOLATILE STABLE STABLE STABLE
case_075_srcvol_yes	yes	old	OK	VOLATILE VOLATILE VOLATILE VOLATILE VOLATILE VOLATILE
case_077_bothvol_yes	yes	old	INVALID	STABLE STABLE STABLE STABLE STABLE STABLE
case_078_bothvol_yes	yes	old	OK	VOLATILE STABLE STABLE STABLE STABLE STABLE
case_079_bothvol_yes	yes	old	INVALID	STABLE STABLE STABLE STABLE STABLE STABLE
case_080_bothvol_yes	yes	old	OK	VOLATILE STABLE STABLE STABLE STABLE STABLE
case_081_bothvol_yes	yes	old	OK	VOLATILE STABLE STABLE STABLE STABLE STABLE
case_082_bothvol_yes	yes	old	OK	VOLATILE VOLATILE VOLATILE VOLATILE VOLATILE VOLATILE
case_083_bothvol_yes	yes	old	OK	VOLATILE VOLATILE VOLATILE STABLE STABLE STABLE
case_084_bothvol_yes	yes	old	OK	VOLATILE VOLATILE VOLATILE VOLATILE VOLATILE STABLE
case_085_bothvol_yes	yes	old	OK	VOLATILE VOLATILE VOLATILE VOLATILE STABLE STABLE
case_086_bothvol_yes	yes	old	OK	VOLATILE VOLATILE VOLATILE STABLE STABLE STABLE
case_087_bothvol_yes	yes	old	OK	VOLATILE VOLATILE VOLATILE STABLE STABLE STABLE
case_088_bothvol_yes	yes	old	OK	VOLATILE VOLATILE VOLATILE STABLE STABLE STABLE
case_089_bothvol_yes	yes	old	OK	VOLATILE STABLE STABLE STABLE STABLE STABLE
case_090_bothvol_yes	yes	old	OK	VOLATILE STABLE STABLE STABLE STABLE STABLE
case_091_bothvol_yes	yes	old	OK	VOLATILE VOLATILE VOLATILE STABLE STABLE STABLE
case_092_bothvol_yes	yes	old	OK	VOLATILE VOLATILE VOLATILE VOLATILE STABLE STABLE
case_093_bothvol_yes	yes	old	OK	VOLATILE VOLATILE VOLATILE STABLE STABLE STABLE
case_094_bothvol_yes	yes	old	OK	VOLATILE VOLATILE VOLATILE VOLATILE STABLE STABLE
case_095_bothvol_yes	yes	old	OK	VOLATILE VOLATILE STABLE STABLE STABLE STABLE
case_096_bothvol_yes	yes	old	OK	VOLATILE VOLATILE VOLATILE STABLE STABLE STABLE
case_097_bothvol_yes	yes	old	OK	VOLATILE VOLATILE VOLATILE STABLE STABLE STABLE
case_098_bothvol_yes	yes	old	INVALID	STABLE STABLE STABLE STABLE STABLE STABLE
case_099_bothvol_yes	yes	old	INVALID	STABLE STABLE STABLE STABLE STABLE STABLE
case_100_bothvol_yes	yes	old	OK	VOLATILE VOLATILE VOLATILE VOLATILE VOLATILE VOLATILE
case_101_none_no	no	new	OK	STABLE STABLE STABLE STABLE STABLE STABLE
case_102_none_no	no	new	OK	STABLE STABLE STABLE STABLE STABLE STABLE
case_103_none_no	no	new	OK	STABLE STABLE STABLE STABLE STABLE STABLE
case_104_none_no	no	new	OK	STABLE STABLE STABLE STABLE STABLE STABLE
case_105_none_no	no	new	OK	STABLE STABLE STABLE STABLE STABLE STABLE
case_106_none_no	no	new	OK	STABLE STABLE STABLE STABLE STABLE STABLE
case_107_none_no	no	new	OK	STABLE STABLE STABLE STABLE STABLE STABLE
case_108_none_no	no	new	OK	STABLE STABLE STABLE STABLE STABLE STABLE
case_109_none_no	no	new	OK	STABLE STABLE STABLE STABLE STABLE STABLE
case_110_none_no	no	new	OK	STABLE STABLE STABLE STABLE STABLE STABLE
case_111_none_no	no	new	OK	STABLE STABLE STABLE STABLE STABLE STABLE
case_112_none_no	no	new	OK	STABLE STABLE STABLE STABLE STABLE STABLE
case_113_none_no	no	new	OK	STABLE STABLE STABLE STABLE STABLE STABLE
case_114_none_no	no	new	OK	STABLE STABLE STABLE STABLE STABLE STABLE
case_115_none_no	no	new	OK	STABLE STABLE STABLE STABLE STABLE STABLE
case_116_none_no	no	new	OK	STABLE STABLE STABLE STABLE STABLE STABLE
case_117_none_no	no	new	OK	STABLE STABLE STABLE STABLE STABLE STABLE
case_118_none_no	no	new	OK	STABLE STABLE STABLE STABLE STABLE STABLE
case_119_none_no	no	new	OK	STABLE STABLE STABLE STABLE STABLE STABLE
case_120_none_no	no	new	OK	STABLE STABLE STABLE STABLE STABLE STABLE
case_121_none_no	no	new	OK	STABLE STABLE STABLE STABLE STABLE STABLE
case_122_none_no	no	new	OK	STABLE STABLE STABLE STABLE STABLE STABLE
case_123_none_no	no	new	OK	STABLE STABLE STABLE STABLE STABLE STABLE
case_124_none_no	no	new	OK	STABLE STABLE STABLE STABLE STABLE STABLE
case_125_none_no	no	new	OK	STABLE STABLE STABLE STABLE STABLE STABLE
case_126_none_no	no	new	OK	STABLE STABLE STABLE STABLE STABLE STABLE
case_127_none_no	no	new	OK	STABLE STABLE STABLE STABLE STABLE STABLE
case_128_none_no	no	new	OK	STABLE STABLE STABLE STABLE STABLE STABLE
case_129_none_no	no	new	OK	STABLE STABLE STABLE STABLE STABLE STABLE
case_130_none_no	no	new	OK	STABLE STABLE STABLE STABLE STABLE STABLE
case_131_none_no	no	new	OK	STABLE STABLE STABLE STABLE STABLE STABLE
case_132_none_no	no	new	OK	STABLE STABLE STABLE STABLE STABLE STABLE
case_133_none_no	no	new	OK	STABLE STABLE STABLE STABLE STABLE STABLE
case_134_none_no	no	new	OK	STABLE STABLE STABLE STABLE STABLE STABLE
case_135_none_no	no	new	OK	STABLE STABLE STABLE STABLE STABLE STABLE
case_136_none_no	no	new	OK	STABLE STABLE STABLE STABLE STABLE STABLE
case_137_none_no	no	new	OK	STABLE STABLE STABLE STABLE STABLE STABLE
case_138_none_no	no	new	OK	STABLE STABLE STABLE STABLE STABLE STABLE
case_139_none_no	no	new	OK	STABLE STABLE STABLE STABLE STABLE STABLE
case_140_none_no	no	new	OK	STABLE STABLE STABLE STABLE STABLE STABLE
case_141_none_no	no	new	OK	STABLE STABLE STABLE STABLE STABLE STABLE
case_142_none_no	no	new	OK	STABLE STABLE STABLE STABLE STABLE STABLE
case_143_none_no	no	new	OK	STABLE STABLE STABLE STABLE STABLE STABLE
case_144_none_no	no	new	OK	STABLE STABLE STABLE STABLE STABLE STABLE
case_145_none_no	no	new	OK	STABLE STABLE STABLE STABLE STABLE STABLE
case_146_none_no	no	new	OK	STABLE STABLE STABLE STABLE STABLE STABLE
case_147_none_no	no	new	OK	STABLE STABLE STABLE STABLE STABLE STABLE
case_148_none_no	no	new	OK	STABLE STABLE STABLE STABLE STABLE STABLE
case_149_none_no	no	new	OK	STABLE STABLE STABLE STABLE STABLE STABLE
case_150_none_no	no	new	OK	STABLE STABLE STABLE STABLE STABLE STABLE
case_151_none_no	no	new	OK	STABLE STABLE STABLE STABLE STABLE STABLE
case_152_none_no	no	new	OK	STABLE STABLE STABLE STABLE STABLE STABLE
case_153_none_no	no	new	OK	STABLE STABLE STABLE STABLE STABLE STABLE
case_154_none_no	no	new	OK	STABLE STABLE STABLE STABLE STABLE STABLE
case_155_none_no	no	new	OK	STABLE STABLE STABLE STABLE STABLE STABLE
case_156_none_no	no	new	OK	STABLE STABLE STABLE STABLE STABLE STABLE
case_157_none_no	no	new	OK	STABLE STABLE STABLE STABLE STABLE STABLE
case_158_none_no	no	new	OK	STABLE STABLE STABLE STABLE STABLE STABLE
case_159_none_no	no	new	OK	STABLE STABLE STABLE STABLE STABLE STABLE
case_160_none_no	no	new	OK	STABLE STABLE STABLE STABLE STABLE STABLE
case_161_none_no	no	new	OK	STABLE STABLE STABLE STABLE STABLE STABLE
case_162_none_no	no	new	OK	STABLE STABLE STABLE STABLE STABLE STABLE
case_163_none_no	no	new	OK	STABLE STABLE STABLE STABLE STABLE STABLE
case_164_none_no	no	new	OK	STABLE STABLE STABLE STABLE STABLE STABLE
case_165_none_no	no	new	OK	STABLE STABLE STABLE STABLE STABLE STABLE
case_166_none_no	no	new	OK	STABLE STABLE STABLE STABLE STABLE STABLE
case_167_none_no	no	new	OK	STABLE STABLE STABLE STABLE STABLE STABLE
case_168_none_no	no	new	OK	STABLE STABLE STABLE STABLE STABLE STABLE
case_169_none_no	no	new	OK	STABLE STABLE STABLE STABLE STABLE STABLE
case_170_none_no	no	new	OK	STABLE STABLE STABLE STABLE STABLE STABLE
case_171_none_no	no	new	OK	STABLE STABLE STABLE STABLE STABLE STABLE
case_172_none_no	no	new	OK	STABLE STABLE STABLE STABLE STABLE STABLE
case_173_none_no	no	new	OK	STABLE STABLE STABLE STABLE STABLE STABLE
case_174_none_no	no	new	OK	STABLE STABLE STABLE STABLE STABLE STABLE
case_175_none_no	no	new	OK	STABLE STABLE STABLE STABLE STABLE STABLE
case_176_none_no	no	new	OK	STABLE STABLE STABLE STABLE STABLE STABLE
case_177_none_no	no	new	OK	STABLE STABLE STABLE STABLE STABLE STABLE
case_178_none_no	no	new	OK	STABLE STABLE STABLE STABLE STABLE STABLE
case_179_none_no	no	new	OK	STABLE STABLE STABLE STABLE STABLE STABLE
case_180_none_no	no	new	OK	STABLE STABLE STABLE STABLE STABLE STABLE
case_181_none_no	no	new	OK	STABLE STABLE STABLE STABLE STABLE STABLE
case_182_none_no	no	new	OK	STABLE STABLE STABLE STABLE STABLE STABLE
case_183_none_no	no	new	OK	STABLE STABLE STABLE STABLE STABLE STABLE
case_184_none_no	no	new	OK	STABLE STABLE STABLE STABLE STABLE STABLE
case_185_none_no	no	new	OK	STABLE STABLE STABLE STABLE STABLE STABLE
case_186_none_no	no	new	OK	STABLE STABLE STABLE STABLE STABLE STABLE
case_187_none_no	no	new	OK	STABLE STABLE STABLE STABLE STABLE STABLE
case_188_none_no	no	new	OK	STABLE STABLE STABLE STABLE STABLE STABLE
case_189_none_no	no	new	OK	STABLE STABLE STABLE STABLE STABLE STABLE
case_190_none_no	no	new	OK	STABLE STABLE STABLE STABLE STABLE STABLE
case_191_none_no	no	new	OK	STABLE STABLE STABLE STABLE STABLE STABLE
case_192_none_no	no	new	OK	STABLE STABLE STABLE STABLE STABLE STABLE
case_193_none_no	no	new	OK	STABLE STABLE STABLE STABLE STABLE STABLE
case_194_none_no	no	new	OK	STABLE STABLE STABLE STABLE STABLE STABLE
case_195_none_no	no	new	OK	STABLE STABLE STABLE STABLE STABLE STABLE
case_196_none_no	no	new	OK	STABLE STABLE STABLE STABLE STABLE STABLE
case_197_none_no	no	new	OK	STABLE STABLE STABLE STABLE STABLE STABLE
case_198_none_no	no	new	OK	STABLE STABLE STABLE STABLE STABLE STABLE
case_199_none_no	no	new	OK	STABLE STABLE STABLE STABLE STABLE STABLE
case_200_none_no	no	new	OK	STABLE STABLE STABLE STABLE STABLE STABLE
case_201_none_no	no	new	OK	STABLE STABLE STABLE STABLE STABLE STABLE
case_202_none_no	no	new	OK	STABLE STABLE STABLE STABLE STABLE STABLE
case_203_none_no	no	new	OK	STABLE STABLE STABLE STABLE STABLE STABLE
case_204_none_no	no	new	OK	STABLE STABLE STABLE STABLE STABLE STABLE
case_205_none_no	no	new	OK	STABLE STABLE STABLE STABLE STABLE STABLE
case_206_none_no	no	new	OK	STABLE STABLE STABLE STABLE STABLE STABLE
case_207_none_no	no	new	OK	STABLE STABLE STABLE STABLE STABLE STABLE
case_208_none_no	no	new	OK	STABLE STABLE STABLE STABLE STABLE STABLE
case_209_none_no	no	new	OK	STABLE STABLE STABLE STABLE STABLE STABLE
case_210_none_no	no	new	OK	STABLE STABLE STABLE STABLE STABLE STABLE
case_211_none_no	no	new	OK	STABLE STABLE STABLE STABLE STABLE STABLE
case_212_none_no	no	new	OK	STABLE STABLE STABLE STABLE STABLE STABLE
case_213_none_no	no	new	OK	STABLE STABLE STABLE STABLE STABLE STABLE
case_214_none_no	no	new	OK	STABLE STABLE STABLE STABLE STABLE STABLE
case_215_none_no	no	new	OK	STABLE STABLE STABLE STABLE STABLE STABLE
case_216_none_no	no	new	OK	STABLE STABLE STABLE STABLE STABLE STABLE
case_217_none_no	no	new	OK	STABLE STABLE STABLE STABLE STABLE STABLE
case_218_none_no	no	new	OK	STABLE STABLE STABLE STABLE STABLE STABLE
case_219_none_no	no	new	OK	STABLE STABLE STABLE STABLE STABLE STABLE
case_220_none_no	no	new	OK	STABLE STABLE STABLE STABLE STABLE STABLE
case_221_none_no	no	new	OK	STABLE STABLE STABLE STABLE STABLE STABLE
case_222_none_no	no	new	OK	STABLE STABLE STABLE STABLE STABLE STABLE
case_223_none_no	no	new	OK	STABLE STABLE STABLE STABLE STABLE STABLE
case_224_none_no	no	new	OK	STABLE STABLE STABLE STABLE STABLE STABLE
case_225_none_no	no	new	OK	STABLE STABLE STABLE STABLE STABLE STABLE
case_226_none_no	no	new	OK	STABLE STABLE STABLE STABLE STABLE STABLE
case_227_none_no	no	new	OK	STABLE STABLE STABLE STABLE STABLE STABLE
case_228_none_no	no	new	OK	STABLE STABLE STABLE STABLE STABLE STABLE
case_229_none_no	no	new	OK	STABLE STABLE STABLE STABLE STABLE STABLE
case_230_none_no	no	new	OK	STABLE STABLE STABLE STABLE STABLE STABLE
case_231_none_no	no	new	OK	STABLE STABLE STABLE STABLE STABLE STABLE
case_232_none_no	no	new	OK	STABLE STABLE STABLE STABLE STABLE STABLE
case_233_none_no	no	new	OK	STABLE STABLE STABLE STABLE STABLE STABLE
case_234_none_no	no	new	OK	STABLE STABLE STABLE STABLE STABLE STABLE
case_235_none_no	no	new	OK	STABLE STABLE STABLE STABLE STABLE STABLE
case_236_none_no	no	new	OK	STABLE STABLE STABLE STABLE STABLE STABLE
case_237_none_no	no	new	OK	STABLE STABLE STABLE STABLE STABLE STABLE
case_238_none_no	no	new	OK	STABLE STABLE STABLE STABLE STABLE STABLE
case_239_none_no	no	new	OK	STABLE STABLE STABLE STABLE STABLE STABLE
case_240_none_no	no	new	OK	STABLE STABLE STABLE STABLE STABLE STABLE
case_241_none_no	no	new	OK	STABLE STABLE STABLE STABLE STABLE STABLE
case_242_none_no	no	new	OK	STABLE STABLE STABLE STABLE STABLE STABLE
case_243_none_no	no	new	OK	STABLE STABLE STABLE STABLE STABLE STABLE
case_244_none_no	no	new	OK	STABLE STABLE STABLE STABLE STABLE STABLE
case_245_none_no	no	new	OK	STABLE STABLE STABLE STABLE STABLE STABLE
case_246_none_no	no	new	OK	STABLE STABLE STABLE STABLE STABLE STABLE
case_247_none_no	no	new	OK	STABLE STABLE STABLE STABLE STABLE STABLE
case_248_none_no	no	new	OK	STABLE STABLE STABLE STABLE STABLE STABLE
case_249_none_no	no	new	OK	STABLE STABLE STABLE STABLE STABLE STABLE
case_250_none_no	no	new	OK	STABLE STABLE STABLE STABLE STABLE STABLE
case_251_none_no	no	new	OK	STABLE STABLE STABLE STABLE STABLE STABLE
case_252_none_no	no	new	OK	STABLE STABLE STABLE STABLE STABLE STABLE
case_253_none_no	no	new	OK	STABLE STABLE STABLE STABLE STABLE STABLE
case_254_none_no	no	new	OK	STABLE STABLE STABLE STABLE STABLE STABLE
case_255_none_no	no	new	OK	STABLE STABLE STABLE STABLE STABLE STABLE
case_256_none_no	no	new	OK	STABLE STABLE STABLE STABLE STABLE STABLE
case_257_none_no	no	new	OK	STABLE STABLE STABLE STABLE STABLE STABLE
case_258_none_no	no	new	OK	STABLE STABLE STABLE STABLE STABLE STABLE
case_259_none_no	no	new	OK	STABLE STABLE STABLE STABLE STABLE STABLE
case_260_none_no	no	new	OK	STABLE STABLE STABLE STABLE STABLE STABLE
case_261_none_no	no	new	OK	STABLE STABLE STABLE STABLE STABLE STABLE
case_262_none_no	no	new	OK	STABLE STABLE STABLE STABLE STABLE STABLE
case_263_none_no	no	new	OK	STABLE STABLE STABLE STABLE STABLE STABLE
case_264_none_no	no	new	OK	STABLE STABLE STABLE STABLE STABLE STABLE
case_265_none_no	no	new	OK	STABLE STABLE STABLE STABLE STABLE STABLE
case_266_none_no	no	new	OK	STABLE STABLE STABLE STABLE STABLE STABLE
case_267_none_no	no	new	OK	STABLE STABLE STABLE STABLE STABLE STABLE
case_268_none_no	no	new	OK	STABLE STABLE STABLE STABLE STABLE STABLE
case_269_none_no	no	new	OK	STABLE STABLE STABLE STABLE STABLE STABLE
case_270_none_no	no	new	OK	STABLE STABLE STABLE STABLE STABLE STABLE
case_271_none_no	no	new	OK	STABLE STABLE STABLE STABLE STABLE STABLE
case_272_none_no	no	new	OK	STABLE STABLE STABLE STABLE STABLE STABLE
case_273_none_no	no	new	OK	STABLE STABLE STABLE STABLE STABLE STABLE
case_274_none_no	no	new	OK	STABLE STABLE STABLE STABLE STABLE STABLE
case_275_none_no	no	new	OK	STABLE STABLE STABLE STABLE STABLE STABLE
case_276_none_no	no	new	OK	STABLE STABLE STABLE STABLE STABLE STABLE
case_277_none_no	no	new	OK	STABLE STABLE STABLE STABLE STABLE STABLE
case_278_none_no	no	new	OK	STABLE STABLE STABLE STABLE STABLE STABLE
case_279_none_no	no	new	OK	STABLE STABLE STABLE STABLE STABLE STABLE
case_280_none_no	no	new	OK	STABLE STABLE STABLE STABLE STABLE STABLE
case_281_none_no	no	new	OK	STABLE STABLE STABLE STABLE STABLE STABLE
case_282_none_no	no	new	OK	STABLE STABLE STABLE STABLE STABLE STABLE
case_283_none_no	no	new	OK	STABLE STABLE STABLE STABLE STABLE STABLE
case_284_none_no	no	new	OK	STABLE STABLE STABLE STABLE STABLE STABLE
case_285_none_no	no	new	OK	STABLE STABLE STABLE STABLE STABLE STABLE
case_286_none_no	no	new	OK	STABLE STABLE STABLE STABLE STABLE STABLE
case_287_none_no	no	new	OK	STABLE STABLE STABLE STABLE STABLE STABLE
case_288_none_no	no	new	OK	STABLE STABLE STABLE STABLE STABLE STABLE
case_289_none_no	no	new	OK	STABLE STABLE STABLE STABLE STABLE STABLE
case_290_none_no	no	new	OK	STABLE STABLE STABLE STABLE STABLE STABLE
case_291_none_no	no	new	OK	STABLE STABLE STABLE STABLE STABLE STABLE
case_292_none_no	no	new	OK	STABLE STABLE STABLE STABLE STABLE STABLE
case_293_none_no	no	new	OK	STABLE STABLE STABLE STABLE STABLE STABLE
case_294_none_no	no	new	OK	STABLE STABLE STABLE STABLE STABLE STABLE
case_295_none_no	no	new	OK	STABLE STABLE STABLE STABLE STABLE STABLE
case_296_none_no	no	new	OK	STABLE STABLE STABLE STABLE STABLE STABLE
case_297_none_no	no	new	OK	STABLE STABLE STABLE STABLE STABLE STABLE
case_298_none_no	no	new	OK	STABLE STABLE STABLE STABLE STABLE STABLE
case_299_none_no	no	new	OK	STABLE STABLE STABLE STABLE STABLE STABLE
case_300_none_no	no	new	OK	STABLE STABLE STABLE STABLE STABLE STABLE
case_301_none_no	no	new	OK	STABLE STABLE STABLE STABLE STABLE STABLE
case_302_none_no	no	new	OK	STABLE STABLE STABLE STABLE STABLE STABLE
case_303_none_no	no	new	INVALID	VOLATILE VOLATILE STABLE STABLE STABLE STABLE
case_304_none_no	no	new	OK	STABLE STABLE STABLE STABLE STABLE STABLE
case_305_none_no	no	new	OK	STABLE STABLE STABLE STABLE STABLE STABLE
case_306_none_no	no	new	OK	STABLE STABLE STABLE STABLE STABLE STABLE
case_307_none_no	no	new	OK	STABLE STABLE STABLE STABLE STABLE STABLE
case_308_none_no	no	new	OK	STABLE STABLE STABLE STABLE STABLE STABLE
case_309_none_no	no	new	OK	STABLE STABLE STABLE STABLE STABLE STABLE
case_310_none_no	no	new	OK	STABLE STABLE STABLE STABLE STABLE STABLE
case_311_none_no	no	new	OK	STABLE STABLE STABLE STABLE STABLE STABLE
case_312_none_no	no	new	OK	STABLE STABLE STABLE STABLE STABLE STABLE
case_313_none_no	no	new	OK	STABLE STABLE STABLE STABLE STABLE STABLE
case_314_none_no	no	new	OK	STABLE STABLE STABLE STABLE STABLE STABLE
case_315_none_no	no	new	OK	STABLE STABLE STABLE STABLE STABLE STABLE
case_316_none_no	no	new	OK	STABLE STABLE STABLE STABLE STABLE STABLE
case_317_none_no	no	new	OK	STABLE STABLE STABLE STABLE STABLE STABLE
case_318_none_no	no	new	OK	STABLE STABLE STABLE STABLE STABLE STABLE
case_319_none_no	no	new	OK	STABLE STABLE STABLE STABLE STABLE STABLE
case_320_none_no	no	new	OK	STABLE STABLE STABLE STABLE STABLE STABLE
case_321_none_no	no	new	OK	STABLE STABLE STABLE STABLE STABLE STABLE
case_322_none_no	no	new	OK	STABLE STABLE STABLE STABLE STABLE STABLE
case_323_none_no	no	new	OK	STABLE STABLE STABLE STABLE STABLE STABLE
case_324_none_no	no	new	OK	STABLE STABLE STABLE STABLE STABLE STABLE
case_325_none_no	no	new	OK	STABLE STABLE STABLE STABLE STABLE STABLE
case_326_none_no	no	new	OK	STABLE STABLE STABLE STABLE STABLE STABLE
case_327_none_no	no	new	OK	STABLE STABLE STABLE STABLE STABLE STABLE
case_328_none_no	no	new	OK	STABLE STABLE STABLE STABLE STABLE STABLE
case_329_none_no	no	new	OK	STABLE STABLE STABLE STABLE STABLE STABLE
case_330_none_no	no	new	OK	STABLE STABLE STABLE STABLE STABLE STABLE
case_331_none_no	no	new	OK	STABLE STABLE STABLE STABLE STABLE STABLE
case_332_none_no	no	new	OK	STABLE STABLE STABLE STABLE STABLE STABLE
case_333_none_no	no	new	OK	STABLE STABLE STABLE STABLE STABLE STABLE
case_334_none_no	no	new	OK	STABLE STABLE STABLE STABLE STABLE STABLE
case_335_none_no	no	new	OK	STABLE STABLE STABLE STABLE STABLE STABLE
case_336_none_no	no	new	OK	STABLE STABLE STABLE STABLE STABLE STABLE
case_337_none_no	no	new	OK	STABLE STABLE STABLE STABLE STABLE STABLE
case_338_none_no	no	new	OK	STABLE STABLE STABLE STABLE STABLE STABLE
case_339_none_no	no	new	OK	STABLE STABLE STABLE STABLE STABLE STABLE
case_340_none_no	no	new	OK	STABLE STABLE STABLE STABLE STABLE STABLE
case_341_none_no	no	new	OK	STABLE STABLE STABLE STABLE STABLE STABLE
case_342_none_no	no	new	OK	STABLE STABLE STABLE STABLE STABLE STABLE
case_343_none_no	no	new	OK	STABLE STABLE STABLE STABLE STABLE STABLE
case_344_none_no	no	new	OK	STABLE STABLE STABLE STABLE STABLE STABLE
case_345_none_no	no	new	OK	STABLE STABLE STABLE STABLE STABLE STABLE
case_346_none_no	no	new	OK	STABLE STABLE STABLE STABLE STABLE STABLE
case_347_none_no	no	new	OK	STABLE STABLE STABLE STABLE STABLE STABLE
case_348_none_no	no	new	OK	STABLE STABLE STABLE STABLE STABLE STABLE
case_349_none_no	no	new	OK	STABLE STABLE STABLE STABLE STABLE STABLE
case_350_none_no	no	new	OK	STABLE STABLE STABLE STABLE STABLE STABLE
case_351_none_no	no	new	OK	STABLE STABLE STABLE STABLE STABLE STABLE
case_352_none_no	no	new	OK	STABLE STABLE STABLE STABLE STABLE STABLE
case_353_none_no	no	new	OK	STABLE STABLE STABLE STABLE STABLE STABLE
case_354_none_no	no	new	OK	STABLE STABLE STABLE STABLE STABLE STABLE
case_355_none_no	no	new	OK	STABLE STABLE STABLE STABLE STABLE STABLE
case_356_none_no	no	new	OK	STABLE STABLE STABLE STABLE STABLE STABLE
case_357_none_no	no	new	OK	STABLE STABLE STABLE STABLE STABLE STABLE
case_358_none_no	no	new	OK	STABLE STABLE STABLE STABLE STABLE STABLE
case_359_none_no	no	new	OK	STABLE STABLE STABLE STABLE STABLE STABLE
case_360_none_no	no	new	OK	STABLE STABLE STABLE STABLE STABLE STABLE
case_361_none_no	no	new	OK	STABLE STABLE STABLE STABLE STABLE STABLE
case_362_none_no	no	new	OK	STABLE STABLE STABLE STABLE STABLE STABLE
case_363_none_no	no	new	OK	STABLE STABLE STABLE STABLE STABLE STABLE
case_364_none_no	no	new	OK	STABLE STABLE STABLE STABLE STABLE STABLE
case_365_none_no	no	new	OK	STABLE STABLE STABLE STABLE STABLE STABLE
case_366_none_no	no	new	OK	STABLE STABLE STABLE STABLE STABLE STABLE
case_367_none_no	no	new	OK	STABLE STABLE STABLE STABLE STABLE STABLE
case_368_none_no	no	new	OK	STABLE STABLE STABLE STABLE STABLE STABLE
case_369_none_no	no	new	OK	STABLE STABLE STABLE STABLE STABLE STABLE
case_370_none_no	no	new	OK	STABLE STABLE STABLE STABLE STABLE STABLE
case_371_none_no	no	new	OK	STABLE STABLE STABLE STABLE STABLE STABLE
case_372_none_no	no	new	OK	STABLE STABLE STABLE STABLE STABLE STABLE
case_373_none_no	no	new	OK	STABLE STABLE STABLE STABLE STABLE STABLE
case_374_none_no	no	new	OK	STABLE STABLE STABLE STABLE STABLE STABLE
case_375_none_no	no	new	OK	STABLE STABLE STABLE STABLE STABLE STABLE
case_376_none_no	no	new	OK	STABLE STABLE STABLE STABLE STABLE STABLE
case_377_sinkvol_yes	yes	new	OK	VOLATILE VOLATILE VOLATILE STABLE STABLE STABLE
case_378_sinkvol_yes	yes	new	OK	VOLATILE VOLATILE VOLATILE VOLATILE VOLATILE VOLATILE
case_379_sinkvol_yes	yes	new	OK	VOLATILE VOLATILE VOLATILE STABLE STABLE STABLE
case_380_sinkvol_yes	yes	new	OK	VOLATILE VOLATILE STABLE STABLE STABLE STABLE
case_381_sinkvol_yes	yes	new	INVALID	STABLE STABLE STABLE STABLE STABLE STABLE
case_382_sinkvol_yes	yes	new	OK	VOLATILE VOLATILE STABLE STABLE STABLE STABLE
case_383_sinkvol_yes	yes	new	OK	VOLATILE VOLATILE VOLATILE VOLATILE VOLATILE STABLE
case_384_sinkvol_yes	yes	new	OK	VOLATILE VOLATILE VOLATILE VOLATILE VOLATILE VOLATILE
case_385_sinkvol_yes	yes	new	OK	VOLATILE VOLATILE VOLATILE VOLATILE STABLE STABLE
case_386_sinkvol_yes	yes	new	INVALID	STABLE STABLE STABLE STABLE STABLE STABLE
case_387_sinkvol_yes	yes	new	OK	VOLATILE VOLATILE STABLE STABLE STABLE STABLE
case_388_sinkvol_yes	yes	new	OK	VOLATILE VOLATILE VOLATILE VOLATILE VOLATILE STABLE
case_389_sinkvol_yes	yes	new	OK	VOLATILE VOLATILE STABLE VOLATILE STABLE STABLE
case_390_sinkvol_yes	yes	new	OK	VOLATILE VOLATILE STABLE STABLE STABLE STABLE
case_391_sinkvol_yes	yes	new	OK	VOLATILE STABLE STABLE STABLE STABLE STABLE
case_392_sinkvol_yes	yes	new	OK	VOLATILE VOLATILE VOLATILE VOLATILE VOLATILE VOLATILE
case_393_sinkvol_yes	yes	new	OK	VOLATILE VOLATILE STABLE STABLE STABLE STABLE
case_394_sinkvol_yes	yes	new	OK	VOLATILE VOLATILE STABLE STABLE STABLE STABLE
case_395_sinkvol_yes	yes	new	OK	VOLATILE VOLATILE VOLATILE VOLATILE STABLE STABLE
case_396_sinkvol_yes	yes	new	OK	VOLATILE VOLATILE VOLATILE VOLATILE VOLATILE VOLATILE
case_397_sinkvol_yes	yes	new	OK	VOLATILE VOLATILE VOLATILE VOLATILE VOLATILE STABLE
case_398_sinkvol_yes	yes	new	OK	VOLATILE VOLATILE VOLATILE STABLE STABLE STABLE
case_399_sinkvol_yes	yes	new	OK	VOLATILE VOLATILE VOLATILE VOLATILE VOLATILE VOLATILE
case_400_sinkvol_yes	yes	new	OK	VOLATILE VOLATILE STABLE STABLE STABLE STABLE
case_401_sinkvol_yes	yes	new	OK	VOLATILE VOLATILE VOLATILE VOLATILE VOLATILE STABLE
case_402_sinkvol_yes	yes	new	OK	VOLATILE VOLATILE VOLATILE VOLATILE VOLATILE VOLATILE
case_403_sinkvol_yes	yes	new	OK	VOLATILE VOLATILE VOLATILE VOLATILE VOLATILE STABLE
case_404_sinkvol_yes	yes	new	OK	VOLATILE VOLATILE VOLATILE VOLATILE VOLATILE STABLE
case_405_sinkvol_yes	yes	new	OK	VOLATILE VOLATILE STABLE STABLE STABLE STABLE
case_406_sinkvol_yes	yes	new	OK	VOLATILE VOLATILE VOLATILE VOLATILE VOLATILE VOLATILE
case_407_sinkvol_yes	yes	new	OK	VOLATILE VOLATILE VOLATILE VOLATILE VOLATILE VOLATILE
case_408_sinkvol_yes	yes	new	OK	VOLATILE VOLATILE STABLE STABLE STABLE STABLE
case_409_sinkvol_yes	yes	new	OK	VOLATILE VOLATILE STABLE STABLE STABLE STABLE
case_410_sinkvol_yes	yes	new	OK	VOLATILE VOLATILE VOLATILE STABLE STABLE STABLE
case_411_sinkvol_yes	yes	new	OK	VOLATILE VOLATILE STABLE STABLE STABLE STABLE
case_412_sinkvol_yes	yes	new	OK	VOLATILE VOLATILE VOLATILE VOLATILE VOLATILE VOLATILE
case_413_sinkvol_yes	yes	new	OK	VOLATILE STABLE STABLE STABLE STABLE STABLE
case_414_sinkvol_yes	yes	new	OK	VOLATILE VOLATILE VOLATILE VOLATILE VOLATILE VOLATILE
case_415_sinkvol_yes	yes	new	OK	VOLATILE VOLATILE VOLATILE STABLE STABLE STABLE
case_416_sinkvol_yes	yes	new	OK	VOLATILE VOLATILE VOLATILE VOLATILE VOLATILE VOLATILE
case_417_sinkvol_yes	yes	new	OK	VOLATILE STABLE STABLE STABLE STABLE STABLE
case_418_sinkvol_yes	yes	new	OK	VOLATILE VOLATILE VOLATILE VOLATILE VOLATILE STABLE
case_419_sinkvol_yes	yes	new	OK	VOLATILE VOLATILE STABLE STABLE STABLE STABLE
case_420_sinkvol_yes	yes	new	OK	VOLATILE VOLATILE STABLE VOLATILE VOLATILE STABLE
case_421_sinkvol_yes	yes	new	OK	VOLATILE VOLATILE VOLATILE VOLATILE STABLE STABLE
case_422_sinkvol_yes	yes	new	OK	VOLATILE VOLATILE VOLATILE VOLATILE VOLATILE VOLATILE
case_423_sinkvol_yes	yes	new	OK	VOLATILE VOLATILE VOLATILE VOLATILE VOLATILE VOLATILE
case_424_sinkvol_yes	yes	new	INVALID	STABLE STABLE STABLE STABLE STABLE STABLE
case_425_sinkvol_yes	yes	new	OK	VOLATILE VOLATILE VOLATILE VOLATILE STABLE STABLE
case_426_sinkvol_yes	yes	new	OK	VOLATILE VOLATILE VOLATILE VOLATILE VOLATILE STABLE
case_427_sinkvol_yes	yes	new	OK	VOLATILE VOLATILE VOLATILE VOLATILE VOLATILE VOLATILE
case_428_sinkvol_yes	yes	new	OK	VOLATILE VOLATILE VOLATILE STABLE STABLE STABLE
case_429_sinkvol_yes	yes	new	OK	VOLATILE VOLATILE STABLE STABLE STABLE STABLE
case_430_sinkvol_yes	yes	new	OK	VOLATILE VOLATILE VOLATILE VOLATILE VOLATILE STABLE
case_431_sinkvol_yes	yes	new	OK	VOLATILE STABLE STABLE STABLE STABLE STABLE
case_432_sinkvol_yes	yes	new	OK	VOLATILE VOLATILE VOLATILE STABLE STABLE STABLE
case_433_sinkvol_yes	yes	new	OK	VOLATILE VOLATILE STABLE VOLATILE STABLE STABLE
case_434_sinkvol_yes	yes	new	OK	VOLATILE VOLATILE VOLATILE VOLATILE VOLATILE VOLATILE
case_435_sinkvol_yes	yes	new	OK	VOLATILE VOLATILE VOLATILE VOLATILE VOLATILE VOLATILE
case_436_sinkvol_yes	yes	new	OK	VOLATILE VOLATILE STABLE STABLE STABLE STABLE
case_437_sinkvol_yes	yes	new	OK	VOLATILE STABLE STABLE STABLE STABLE STABLE
case_438_sinkvol_yes	yes	new	OK	VOLATILE VOLATILE STABLE STABLE STABLE STABLE
case_439_sinkvol_yes	yes	new	OK	VOLATILE VOLATILE STABLE STABLE STABLE STABLE
case_440_sinkvol_yes	yes	new	OK	VOLATILE VOLATILE VOLATILE VOLATILE VOLATILE STABLE
case_441_sinkvol_yes	yes	new	INVALID	STABLE STABLE STABLE STABLE STABLE STABLE
case_442_sinkvol_yes	yes	new	INVALID	STABLE STABLE STABLE STABLE STABLE STABLE
case_443_sinkvol_yes	yes	new	INVALID	STABLE STABLE STABLE STABLE STABLE STABLE
case_444_sinkvol_yes	yes	new	OK	VOLATILE VOLATILE VOLATILE VOLATILE VOLATILE STABLE
case_445_sinkvol_yes	yes	new	OK	VOLATILE VOLATILE VOLATILE STABLE STABLE STABLE
case_446_sinkvol_yes	yes	new	OK	VOLATILE VOLATILE VOLATILE STABLE STABLE STABLE
case_447_sinkvol_yes	yes	new	OK	VOLATILE VOLATILE VOLATILE VOLATILE VOLATILE VOLATILE
case_448_sinkvol_yes	yes	new	OK	VOLATILE VOLATILE VOLATILE STABLE STABLE STABLE
case_449_sinkvol_yes	yes	new	OK	VOLATILE VOLATILE STABLE STABLE STABLE STABLE
case_450_sinkvol_yes	yes	new	OK	VOLATILE VOLATILE VOLATILE VOLATILE VOLATILE STABLE
case_451_sinkvol_yes	yes	new	OK	VOLATILE VOLATILE STABLE STABLE STABLE STABLE
case_452_srcvol_yes	yes	new	OK	VOLATILE VOLATILE VOLATILE STABLE STABLE STABLE
case_453_srcvol_yes	yes	new	OK	VOLATILE VOLATILE VOLATILE VOLATILE VOLATILE VOLATILE
case_454_srcvol_yes	yes	new	OK	VOLATILE VOLATILE VOLATILE VOLATILE VOLATILE VOLATILE
case_455_srcvol_yes	yes	new	OK	VOLATILE VOLATILE VOLATILE VOLATILE VOLATILE VOLATILE
case_456_srcvol_yes	yes	new	OK	VOLATILE VOLATILE VOLATILE VOLATILE VOLATILE VOLATILE
case_457_srcvol_yes	yes	new	OK	VOLATILE VOLATILE VOLATILE VOLATILE VOLATILE VOLATILE
case_458_srcvol_yes	yes	new	OK	VOLATILE VOLATILE VOLATILE VOLATILE VOLATILE VOLATILE
case_459_srcvol_yes	yes	new	OK	VOLATILE VOLATILE VOLATILE VOLATILE VOLATILE VOLATILE
case_460_srcvol_yes	yes	new	OK	VOLATILE VOLATILE VOLATILE VOLATILE VOLATILE VOLATILE
case_461_srcvol_yes	yes	new	OK	VOLATILE VOLATILE VOLATILE VOLATILE VOLATILE VOLATILE
case_462_srcvol_yes	yes	new	OK	VOLATILE VOLATILE VOLATILE VOLATILE VOLATILE VOLATILE
case_463_srcvol_yes	yes	new	OK	VOLATILE VOLATILE STABLE STABLE STABLE STABLE
case_464_srcvol_yes	yes	new	OK	VOLATILE VOLATILE VOLATILE VOLATILE VOLATILE VOLATILE
case_465_srcvol_yes	yes	new	OK	VOLATILE VOLATILE VOLATILE VOLATILE VOLATILE VOLATILE
case_466_srcvol_yes	yes	new	OK	VOLATILE VOLATILE STABLE STABLE STABLE STABLE
case_467_srcvol_yes	yes	new	OK	VOLATILE VOLATILE VOLATILE VOLATILE VOLATILE VOLATILE
case_468_srcvol_yes	yes	new	OK	VOLATILE VOLATILE VOLATILE STABLE STABLE STABLE
case_469_srcvol_yes	yes	new	OK	VOLATILE VOLATILE VOLATILE VOLATILE VOLATILE VOLATILE
case_470_srcvol_yes	yes	new	OK	VOLATILE VOLATILE VOLATILE VOLATILE VOLATILE VOLATILE
case_471_srcvol_yes	yes	new	OK	VOLATILE VOLATILE STABLE STABLE STABLE STABLE
case_472_srcvol_yes	yes	new	OK	VOLATILE VOLATILE VOLATILE VOLATILE VOLATILE VOLATILE
case_473_srcvol_yes	yes	new	OK	VOLATILE VOLATILE VOLATILE VOLATILE VOLATILE VOLATILE
case_474_srcvol_yes	yes	new	OK	VOLATILE VOLATILE VOLATILE VOLATILE VOLATILE VOLATILE
case_475_srcvol_yes	yes	new	OK	VOLATILE VOLATILE VOLATILE VOLATILE VOLATILE VOLATILE
case_476_srcvol_yes	yes	new	OK	VOLATILE VOLATILE VOLATILE STABLE STABLE STABLE
case_477_srcvol_yes	yes	new	OK	VOLATILE VOLATILE VOLATILE STABLE STABLE STABLE
case_478_srcvol_yes	yes	new	OK	VOLATILE VOLATILE VOLATILE STABLE STABLE STABLE
case_479_srcvol_yes	yes	new	OK	VOLATILE VOLATILE VOLATILE VOLATILE VOLATILE VOLATILE
case_480_srcvol_yes	yes	new	OK	VOLATILE VOLATILE VOLATILE VOLATILE VOLATILE VOLATILE
case_481_srcvol_yes	yes	new	OK	VOLATILE VOLATILE VOLATILE VOLATILE VOLATILE VOLATILE
case_482_srcvol_yes	yes	new	OK	VOLATILE VOLATILE VOLATILE VOLATILE VOLATILE VOLATILE
case_483_srcvol_yes	yes	new	OK	VOLATILE VOLATILE VOLATILE VOLATILE VOLATILE VOLATILE
case_484_srcvol_yes	yes	new	OK	VOLATILE VOLATILE VOLATILE VOLATILE VOLATILE VOLATILE
case_485_srcvol_yes	yes	new	OK	VOLATILE VOLATILE VOLATILE VOLATILE VOLATILE VOLATILE
case_486_srcvol_yes	yes	new	OK	VOLATILE VOLATILE VOLATILE VOLATILE VOLATILE VOLATILE
case_487_srcvol_yes	yes	new	OK	VOLATILE VOLATILE VOLATILE VOLATILE VOLATILE VOLATILE
case_488_srcvol_yes	yes	new	OK	VOLATILE VOLATILE VOLATILE VOLATILE VOLATILE VOLATILE
case_489_srcvol_yes	yes	new	OK	VOLATILE VOLATILE VOLATILE VOLATILE VOLATILE VOLATILE
case_490_srcvol_yes	yes	new	OK	VOLATILE VOLATILE VOLATILE VOLATILE VOLATILE VOLATILE
case_491_srcvol_yes	yes	new	OK	VOLATILE VOLATILE VOLATILE VOLATILE VOLATILE VOLATILE
case_492_srcvol_yes	yes	new	OK	VOLATILE VOLATILE VOLATILE STABLE STABLE STABLE
case_493_srcvol_yes	yes	new	OK	VOLATILE VOLATILE VOLATILE VOLATILE VOLATILE VOLATILE
case_494_srcvol_yes	yes	new	OK	VOLATILE VOLATILE VOLATILE VOLATILE VOLATILE VOLATILE
case_495_srcvol_yes	yes	new	OK	VOLATILE VOLATILE VOLATILE VOLATILE VOLATILE VOLATILE
case_496_srcvol_yes	yes	new	OK	VOLATILE VOLATILE VOLATILE VOLATILE VOLATILE VOLATILE
case_497_srcvol_yes	yes	new	OK	VOLATILE VOLATILE VOLATILE VOLATILE VOLATILE VOLATILE
case_498_srcvol_yes	yes	new	OK	VOLATILE VOLATILE VOLATILE VOLATILE VOLATILE VOLATILE
case_499_srcvol_yes	yes	new	OK	VOLATILE VOLATILE VOLATILE VOLATILE VOLATILE VOLATILE
case_500_srcvol_yes	yes	new	OK	VOLATILE VOLATILE VOLATILE VOLATILE VOLATILE VOLATILE
case_501_srcvol_yes	yes	new	OK	VOLATILE VOLATILE VOLATILE VOLATILE VOLATILE VOLATILE
case_502_srcvol_yes	yes	new	OK	VOLATILE VOLATILE VOLATILE VOLATILE VOLATILE VOLATILE
case_503_srcvol_yes	yes	new	OK	VOLATILE VOLATILE VOLATILE VOLATILE VOLATILE VOLATILE
case_504_srcvol_yes	yes	new	OK	VOLATILE VOLATILE VOLATILE STABLE STABLE STABLE
case_505_srcvol_yes	yes	new	OK	VOLATILE VOLATILE VOLATILE VOLATILE VOLATILE VOLATILE
case_506_srcvol_yes	yes	new	OK	VOLATILE VOLATILE VOLATILE VOLATILE VOLATILE VOLATILE
case_507_srcvol_yes	yes	new	OK	VOLATILE VOLATILE VOLATILE VOLATILE VOLATILE VOLATILE
case_508_srcvol_yes	yes	new	OK	VOLATILE VOLATILE VOLATILE VOLATILE VOLATILE VOLATILE
case_509_srcvol_yes	yes	new	OK	VOLATILE VOLATILE VOLATILE VOLATILE VOLATILE VOLATILE
case_510_srcvol_yes	yes	new	OK	VOLATILE VOLATILE VOLATILE VOLATILE VOLATILE VOLATILE
case_511_srcvol_yes	yes	new	OK	VOLATILE VOLATILE VOLATILE VOLATILE VOLATILE VOLATILE
case_512_srcvol_yes	yes	new	OK	VOLATILE VOLATILE VOLATILE STABLE STABLE STABLE
case_513_srcvol_yes	yes	new	OK	VOLATILE VOLATILE VOLATILE VOLATILE VOLATILE VOLATILE
case_514_srcvol_yes	yes	new	OK	VOLATILE VOLATILE STABLE STABLE STABLE STABLE
case_515_srcvol_yes	yes	new	OK	VOLATILE VOLATILE VOLATILE VOLATILE VOLATILE VOLATILE
case_516_srcvol_yes	yes	new	OK	VOLATILE VOLATILE VOLATILE VOLATILE VOLATILE VOLATILE
case_517_srcvol_yes	yes	new	OK	VOLATILE VOLATILE STABLE STABLE STABLE STABLE
case_518_srcvol_yes	yes	new	OK	VOLATILE VOLATILE VOLATILE VOLATILE VOLATILE VOLATILE
case_519_srcvol_yes	yes	new	OK	VOLATILE VOLATILE VOLATILE VOLATILE VOLATILE VOLATILE
case_520_srcvol_yes	yes	new	OK	VOLATILE VOLATILE VOLATILE VOLATILE VOLATILE VOLATILE
case_521_srcvol_yes	yes	new	OK	VOLATILE VOLATILE VOLATILE VOLATILE VOLATILE VOLATILE
case_522_srcvol_yes	yes	new	OK	VOLATILE VOLATILE VOLATILE VOLATILE VOLATILE VOLATILE
case_523_srcvol_yes	yes	new	OK	VOLATILE VOLATILE VOLATILE VOLATILE VOLATILE VOLATILE
case_524_srcvol_yes	yes	new	OK	VOLATILE VOLATILE VOLATILE VOLATILE VOLATILE VOLATILE
case_525_srcvol_yes	yes	new	OK	VOLATILE VOLATILE VOLATILE VOLATILE VOLATILE VOLATILE
case_526_srcvol_yes	yes	new	OK	VOLATILE VOLATILE VOLATILE VOLATILE VOLATILE VOLATILE
case_527_bothvol_yes	yes	new	OK	VOLATILE VOLATILE VOLATILE VOLATILE VOLATILE VOLATILE
case_528_bothvol_yes	yes	new	OK	VOLATILE VOLATILE VOLATILE VOLATILE VOLATILE VOLATILE
case_529_bothvol_yes	yes	new	OK	VOLATILE VOLATILE VOLATILE VOLATILE VOLATILE VOLATILE
case_530_bothvol_yes	yes	new	OK	VOLATILE VOLATILE VOLATILE VOLATILE VOLATILE STABLE
case_531_bothvol_yes	yes	new	OK	VOLATILE VOLATILE VOLATILE STABLE STABLE STABLE
case_532_bothvol_yes	yes	new	OK	VOLATILE VOLATILE VOLATILE VOLATILE VOLATILE VOLATILE
case_533_bothvol_yes	yes	new	OK	VOLATILE VOLATILE VOLATILE VOLATILE VOLATILE VOLATILE
case_534_bothvol_yes	yes	new	OK	VOLATILE VOLATILE VOLATILE STABLE STABLE STABLE
case_535_bothvol_yes	yes	new	OK	VOLATILE VOLATILE VOLATILE VOLATILE VOLATILE VOLATILE
case_536_bothvol_yes	yes	new	OK	VOLATILE VOLATILE VOLATILE VOLATILE VOLATILE STABLE
case_537_bothvol_yes	yes	new	OK	VOLATILE VOLATILE VOLATILE VOLATILE VOLATILE VOLATILE
case_538_bothvol_yes	yes	new	OK	VOLATILE VOLATILE STABLE STABLE STABLE STABLE
case_539_bothvol_yes	yes	new	OK	VOLATILE VOLATILE VOLATILE STABLE STABLE STABLE
case_540_bothvol_yes	yes	new	OK	VOLATILE VOLATILE VOLATILE VOLATILE VOLATILE VOLATILE
case_541_bothvol_yes	yes	new	OK	VOLATILE VOLATILE VOLATILE VOLATILE VOLATILE VOLATILE
case_542_bothvol_yes	yes	new	OK	VOLATILE VOLATILE VOLATILE VOLATILE VOLATILE STABLE
case_543_bothvol_yes	yes	new	OK	VOLATILE VOLATILE VOLATILE VOLATILE VOLATILE VOLATILE
case_544_bothvol_yes	yes	new	OK	VOLATILE VOLATILE VOLATILE STABLE STABLE STABLE
case_545_bothvol_yes	yes	new	OK	VOLATILE VOLATILE VOLATILE STABLE STABLE STABLE
case_546_bothvol_yes	yes	new	OK	VOLATILE VOLATILE VOLATILE VOLATILE VOLATILE VOLATILE
case_547_bothvol_yes	yes	new	OK	VOLATILE VOLATILE VOLATILE VOLATILE VOLATILE VOLATILE
case_548_bothvol_yes	yes	new	OK	VOLATILE VOLATILE VOLATILE VOLATILE VOLATILE VOLATILE
case_549_bothvol_yes	yes	new	OK	VOLATILE VOLATILE VOLATILE STABLE STABLE STABLE
case_550_bothvol_yes	yes	new	OK	VOLATILE VOLATILE VOLATILE VOLATILE VOLATILE VOLATILE
case_551_bothvol_yes	yes	new	OK	VOLATILE VOLATILE STABLE VOLATILE VOLATILE VOLATILE
case_552_bothvol_yes	yes	new	OK	VOLATILE VOLATILE VOLATILE VOLATILE VOLATILE VOLATILE
case_553_bothvol_yes	yes	new	OK	VOLATILE VOLATILE VOLATILE VOLATILE VOLATILE VOLATILE
case_554_bothvol_yes	yes	new	OK	VOLATILE VOLATILE STABLE STABLE STABLE STABLE
case_555_bothvol_yes	yes	new	OK	VOLATILE VOLATILE VOLATILE STABLE STABLE STABLE
case_556_bothvol_yes	yes	new	OK	VOLATILE VOLATILE VOLATILE VOLATILE VOLATILE VOLATILE
case_557_bothvol_yes	yes	new	OK	VOLATILE VOLATILE VOLATILE VOLATILE VOLATILE VOLATILE
case_558_bothvol_yes	yes	new	OK	VOLATILE VOLATILE STABLE VOLATILE VOLATILE VOLATILE
case_559_bothvol_yes	yes	new	OK	VOLATILE VOLATILE VOLATILE STABLE STABLE STABLE
case_560_bothvol_yes	yes	new	OK	VOLATILE VOLATILE VOLATILE VOLATILE VOLATILE VOLATILE
case_561_bothvol_yes	yes	new	OK	VOLATILE VOLATILE VOLATILE STABLE STABLE STABLE
case_562_bothvol_yes	yes	new	OK	VOLATILE VOLATILE VOLATILE VOLATILE VOLATILE STABLE
case_563_bothvol_yes	yes	new	OK	VOLATILE VOLATILE VOLATILE VOLATILE VOLATILE VOLATILE
case_564_bothvol_yes	yes	new	OK	VOLATILE VOLATILE VOLATILE VOLATILE VOLATILE VOLATILE
case_565_bothvol_yes	yes	new	OK	VOLATILE VOLATILE VOLATILE STABLE STABLE STABLE
case_566_bothvol_yes	yes	new	OK	VOLATILE VOLATILE STABLE STABLE STABLE STABLE
case_567_bothvol_yes	yes	new	OK	VOLATILE VOLATILE VOLATILE STABLE STABLE STABLE
case_568_bothvol_yes	yes	new	OK	VOLATILE VOLATILE VOLATILE VOLATILE VOLATILE VOLATILE
case_569_bothvol_yes	yes	new	OK	VOLATILE VOLATILE VOLATILE STABLE STABLE STABLE
case_570_bothvol_yes	yes	new	OK	VOLATILE VOLATILE VOLATILE STABLE STABLE STABLE
case_571_bothvol_yes	yes	new	OK	VOLATILE VOLATILE VOLATILE STABLE STABLE STABLE
case_572_bothvol_yes	yes	new	OK	VOLATILE VOLATILE VOLATILE VOLATILE VOLATILE VOLATILE
case_573_bothvol_yes	yes	new	OK	VOLATILE VOLATILE VOLATILE VOLATILE VOLATILE VOLATILE
case_574_bothvol_yes	yes	new	OK	VOLATILE VOLATILE VOLATILE STABLE STABLE STABLE
case_575_bothvol_yes	yes	new	OK	VOLATILE VOLATILE VOLATILE VOLATILE VOLATILE VOLATILE
case_576_bothvol_yes	yes	new	OK	VOLATILE VOLATILE VOLATILE VOLATILE VOLATILE VOLATILE
case_577_bothvol_yes	yes	new	OK	VOLATILE VOLATILE VOLATILE VOLATILE VOLATILE STABLE
case_578_bothvol_yes	yes	new	OK	VOLATILE VOLATILE VOLATILE VOLATILE VOLATILE VOLATILE
case_579_bothvol_yes	yes	new	OK	VOLATILE VOLATILE VOLATILE STABLE STABLE STABLE
case_580_bothvol_yes	yes	new	OK	VOLATILE VOLATILE VOLATILE VOLATILE VOLATILE VOLATILE
case_581_bothvol_yes	yes	new	OK	VOLATILE VOLATILE VOLATILE VOLATILE VOLATILE VOLATILE
case_582_bothvol_yes	yes	new	OK	VOLATILE VOLATILE VOLATILE VOLATILE VOLATILE STABLE
case_583_bothvol_yes	yes	new	OK	VOLATILE VOLATILE VOLATILE STABLE STABLE STABLE
case_584_bothvol_yes	yes	new	OK	VOLATILE VOLATILE VOLATILE VOLATILE VOLATILE VOLATILE
case_585_bothvol_yes	yes	new	OK	VOLATILE VOLATILE VOLATILE VOLATILE VOLATILE VOLATILE
case_586_bothvol_yes	yes	new	OK	VOLATILE VOLATILE VOLATILE STABLE STABLE STABLE
case_587_bothvol_yes	yes	new	OK	VOLATILE VOLATILE VOLATILE STABLE STABLE STABLE
case_588_bothvol_yes	yes	new	OK	VOLATILE VOLATILE VOLATILE VOLATILE VOLATILE VOLATILE
case_589_bothvol_yes	yes	new	OK	VOLATILE VOLATILE VOLATILE VOLATILE VOLATILE VOLATILE
case_590_bothvol_yes	yes	new	OK	VOLATILE VOLATILE STABLE STABLE STABLE STABLE
case_591_bothvol_yes	yes	new	OK	VOLATILE VOLATILE VOLATILE STABLE STABLE STABLE
case_592_bothvol_yes	yes	new	OK	VOLATILE VOLATILE VOLATILE STABLE STABLE STABLE
case_593_bothvol_yes	yes	new	OK	VOLATILE VOLATILE VOLATILE VOLATILE VOLATILE VOLATILE
case_594_bothvol_yes	yes	new	OK	VOLATILE VOLATILE VOLATILE STABLE STABLE STABLE
case_595_bothvol_yes	yes	new	OK	VOLATILE VOLATILE VOLATILE STABLE STABLE STABLE
case_596_bothvol_yes	yes	new	OK	VOLATILE VOLATILE STABLE VOLATILE VOLATILE VOLATILE
case_597_bothvol_yes	yes	new	OK	VOLATILE VOLATILE VOLATILE VOLATILE VOLATILE VOLATILE
case_598_bothvol_yes	yes	new	OK	VOLATILE VOLATILE VOLATILE VOLATILE VOLATILE VOLATILE
case_599_bothvol_yes	yes	new	OK	VOLATILE VOLATILE VOLATILE STABLE STABLE STABLE
case_600_bothvol_yes	yes	new	OK	VOLATILE VOLATILE VOLATILE VOLATILE VOLATILE VOLATILE
